terrain,case,policy,episodes,success,unsafe,complete_zero_segments_pass,exposed_zero_success
flat,stand,19999,32,32,0,32,0
flat,stand,21999,32,32,0,32,0
flat,stand,rl_sar,32,32,0,32,0
flat,stand,23999,32,32,0,32,0
flat,stand,24499,32,32,0,32,0
flat,vx_-0.30,19999,32,32,0,32,0
flat,vx_-0.30,21999,32,32,0,32,0
flat,vx_-0.30,rl_sar,32,5,0,5,0
flat,vx_-0.30,23999,32,32,0,32,0
flat,vx_-0.30,24499,32,32,0,32,0
flat,vx_+0.30,19999,32,32,0,32,0
flat,vx_+0.30,21999,32,32,0,32,0
flat,vx_+0.30,rl_sar,32,32,0,32,0
flat,vx_+0.30,23999,32,32,0,32,0
flat,vx_+0.30,24499,32,32,0,32,0
flat,vx_-0.50,19999,32,32,0,32,0
flat,vx_-0.50,21999,32,32,0,32,0
flat,vx_-0.50,rl_sar,32,28,0,28,0
flat,vx_-0.50,23999,32,32,0,32,0
flat,vx_-0.50,24499,32,32,0,32,0
flat,vx_+0.50,19999,32,32,0,32,0
flat,vx_+0.50,21999,32,32,0,32,0
flat,vx_+0.50,rl_sar,32,31,0,31,0
flat,vx_+0.50,23999,32,32,0,32,0
flat,vx_+0.50,24499,32,32,0,32,0
flat,vx_-0.70,19999,32,32,0,32,0
flat,vx_-0.70,21999,32,32,0,32,0
flat,vx_-0.70,rl_sar,32,32,0,32,0
flat,vx_-0.70,23999,32,32,0,32,0
flat,vx_-0.70,24499,32,32,0,32,0
flat,vx_+0.70,19999,32,32,0,32,0
flat,vx_+0.70,21999,32,32,0,32,0
flat,vx_+0.70,rl_sar,32,26,0,26,0
flat,vx_+0.70,23999,32,32,0,32,0
flat,vx_+0.70,24499,32,32,0,32,0
flat,vx_-1.00,19999,32,0,0,32,0
flat,vx_-1.00,21999,32,0,0,32,0
flat,vx_-1.00,rl_sar,32,0,0,31,0
flat,vx_-1.00,23999,32,0,0,32,0
flat,vx_-1.00,24499,32,0,0,32,0
flat,vx_+1.00,19999,32,0,0,32,0
flat,vx_+1.00,21999,32,19,0,32,0
flat,vx_+1.00,rl_sar,32,0,0,0,0
flat,vx_+1.00,23999,32,0,0,32,0
flat,vx_+1.00,24499,32,7,0,32,0
flat,vy_-0.30,19999,32,0,0,32,0
flat,vy_-0.30,21999,32,0,0,32,0
flat,vy_-0.30,rl_sar,32,0,0,28,0
flat,vy_-0.30,23999,32,0,0,32,0
flat,vy_-0.30,24499,32,0,0,32,0
flat,vy_+0.30,19999,32,0,0,32,0
flat,vy_+0.30,21999,32,0,0,32,0
flat,vy_+0.30,rl_sar,32,0,0,26,0
flat,vy_+0.30,23999,32,0,0,32,0
flat,vy_+0.30,24499,32,25,0,32,0
flat,vy_-0.50,19999,32,32,0,32,0
flat,vy_-0.50,21999,32,32,0,32,0
flat,vy_-0.50,rl_sar,32,16,0,16,0
flat,vy_-0.50,23999,32,32,0,32,0
flat,vy_-0.50,24499,32,32,0,32,0
flat,vy_+0.50,19999,32,32,0,32,0
flat,vy_+0.50,21999,32,32,0,32,0
flat,vy_+0.50,rl_sar,32,18,0,19,0
flat,vy_+0.50,23999,32,32,0,32,0
flat,vy_+0.50,24499,32,32,0,32,0
flat,vy_-0.70,19999,32,32,0,32,0
flat,vy_-0.70,21999,32,32,0,32,0
flat,vy_-0.70,rl_sar,32,3,0,9,0
flat,vy_-0.70,23999,32,32,0,32,0
flat,vy_-0.70,24499,32,32,0,32,0
flat,vy_+0.70,19999,32,32,0,32,0
flat,vy_+0.70,21999,32,32,0,32,0
flat,vy_+0.70,rl_sar,32,1,0,19,0
flat,vy_+0.70,23999,32,32,0,32,0
flat,vy_+0.70,24499,32,32,0,32,0
flat,vy_-1.00,19999,32,32,0,32,0
flat,vy_-1.00,21999,32,31,0,32,0
flat,vy_-1.00,rl_sar,32,0,0,19,0
flat,vy_-1.00,23999,32,30,0,32,0
flat,vy_-1.00,24499,32,32,0,32,0
flat,vy_+1.00,19999,32,15,0,31,0
flat,vy_+1.00,21999,32,32,0,32,0
flat,vy_+1.00,rl_sar,32,0,0,17,0
flat,vy_+1.00,23999,32,32,0,32,0
flat,vy_+1.00,24499,32,32,0,32,0
flat,wz_-0.30,19999,32,0,0,23,0
flat,wz_-0.30,21999,32,0,0,32,0
flat,wz_-0.30,rl_sar,32,10,0,10,0
flat,wz_-0.30,23999,32,0,0,32,0
flat,wz_-0.30,24499,32,0,0,32,0
flat,wz_+0.30,19999,32,0,0,25,0
flat,wz_+0.30,21999,32,0,0,32,0
flat,wz_+0.30,rl_sar,32,0,0,21,0
flat,wz_+0.30,23999,32,0,0,32,0
flat,wz_+0.30,24499,32,0,0,32,0
flat,wz_-0.50,19999,32,6,0,25,0
flat,wz_-0.50,21999,32,0,0,32,0
flat,wz_-0.50,rl_sar,32,11,0,12,0
flat,wz_-0.50,23999,32,32,0,32,0
flat,wz_-0.50,24499,32,32,0,32,0
flat,wz_+0.50,19999,32,21,0,23,0
flat,wz_+0.50,21999,32,0,0,32,0
flat,wz_+0.50,rl_sar,32,0,0,24,0
flat,wz_+0.50,23999,32,32,0,32,0
flat,wz_+0.50,24499,32,32,0,32,0
flat,wz_-0.70,19999,32,0,0,28,0
flat,wz_-0.70,21999,32,32,0,32,0
flat,wz_-0.70,rl_sar,32,6,0,17,0
flat,wz_-0.70,23999,32,32,0,32,0
flat,wz_-0.70,24499,32,32,0,32,0
flat,wz_+0.70,19999,32,14,1,27,0
flat,wz_+0.70,21999,32,32,0,32,0
flat,wz_+0.70,rl_sar,32,8,0,26,0
flat,wz_+0.70,23999,32,32,0,32,0
flat,wz_+0.70,24499,32,32,0,32,0
flat,wz_-1.00,19999,32,0,0,28,0
flat,wz_-1.00,21999,32,31,0,32,0
flat,wz_-1.00,rl_sar,32,1,0,16,0
flat,wz_-1.00,23999,32,30,0,32,0
flat,wz_-1.00,24499,32,31,0,32,0
flat,wz_+1.00,19999,32,1,2,27,0
flat,wz_+1.00,21999,32,32,0,32,0
flat,wz_+1.00,rl_sar,32,1,0,22,0
flat,wz_+1.00,23999,32,32,0,32,0
flat,wz_+1.00,24499,32,32,0,32,0
flat,diagonal_-1_-1,19999,32,32,0,32,0
flat,diagonal_-1_-1,21999,32,32,0,32,0
flat,diagonal_-1_-1,rl_sar,32,8,0,17,0
flat,diagonal_-1_-1,23999,32,32,0,32,0
flat,diagonal_-1_-1,24499,32,31,0,32,0
flat,turning_-1_-1,19999,32,27,0,28,0
flat,turning_-1_-1,21999,32,32,0,32,0
flat,turning_-1_-1,rl_sar,32,0,0,10,0
flat,turning_-1_-1,23999,32,32,0,32,0
flat,turning_-1_-1,24499,32,32,0,32,0
flat,diagonal_-1_+1,19999,32,31,0,32,0
flat,diagonal_-1_+1,21999,32,31,0,32,0
flat,diagonal_-1_+1,rl_sar,32,2,0,22,0
flat,diagonal_-1_+1,23999,32,32,0,32,0
flat,diagonal_-1_+1,24499,32,32,0,32,0
flat,turning_-1_+1,19999,32,28,0,29,0
flat,turning_-1_+1,21999,32,31,0,32,0
flat,turning_-1_+1,rl_sar,32,18,0,18,0
flat,turning_-1_+1,23999,32,32,0,32,0
flat,turning_-1_+1,24499,32,32,0,32,0
flat,diagonal_+1_-1,19999,32,31,0,32,0
flat,diagonal_+1_-1,21999,32,31,0,32,0
flat,diagonal_+1_-1,rl_sar,32,9,0,14,0
flat,diagonal_+1_-1,23999,32,32,0,32,0
flat,diagonal_+1_-1,24499,32,32,0,32,0
flat,turning_+1_-1,19999,32,30,0,30,0
flat,turning_+1_-1,21999,32,32,0,32,0
flat,turning_+1_-1,rl_sar,32,0,0,12,0
flat,turning_+1_-1,23999,32,32,0,32,0
flat,turning_+1_-1,24499,32,32,0,32,0
flat,diagonal_+1_+1,19999,32,32,0,32,0
flat,diagonal_+1_+1,21999,32,32,0,32,0
flat,diagonal_+1_+1,rl_sar,32,1,0,24,0
flat,diagonal_+1_+1,23999,32,31,0,32,0
flat,diagonal_+1_+1,24499,32,32,0,32,0
flat,turning_+1_+1,19999,32,29,0,29,0
flat,turning_+1_+1,21999,32,32,0,32,0
flat,turning_+1_+1,rl_sar,32,13,0,21,0
flat,turning_+1_+1,23999,32,32,0,32,0
flat,turning_+1_+1,24499,32,32,0,32,0
flat,transitions_vx,19999,32,32,0,32,0
flat,transitions_vx,21999,32,32,0,32,0
flat,transitions_vx,rl_sar,32,14,0,14,0
flat,transitions_vx,23999,32,32,0,32,0
flat,transitions_vx,24499,32,32,0,32,0
flat,transitions_vy,19999,32,3,0,32,0
flat,transitions_vy,21999,32,4,0,32,0
flat,transitions_vy,rl_sar,32,0,0,20,0
flat,transitions_vy,23999,32,5,0,32,0
flat,transitions_vy,24499,32,25,0,32,0
flat,transitions_wz,19999,32,0,0,22,0
flat,transitions_wz,21999,32,0,0,32,0
flat,transitions_wz,rl_sar,32,0,0,19,0
flat,transitions_wz,23999,32,0,0,32,0
flat,transitions_wz,24499,32,0,0,32,0
rough_04,stand,19999,32,32,0,32,0
rough_04,stand,21999,32,32,0,32,0
rough_04,stand,rl_sar,32,32,0,32,0
rough_04,stand,23999,32,32,0,32,0
rough_04,stand,24499,32,32,0,32,0
rough_04,vx_-0.30,19999,32,32,0,32,0
rough_04,vx_-0.30,21999,32,31,0,31,0
rough_04,vx_-0.30,rl_sar,32,11,0,11,0
rough_04,vx_-0.30,23999,32,32,0,32,0
rough_04,vx_-0.30,24499,32,32,0,32,0
rough_04,vx_+0.30,19999,32,32,0,32,0
rough_04,vx_+0.30,21999,32,32,0,32,0
rough_04,vx_+0.30,rl_sar,32,14,0,14,0
rough_04,vx_+0.30,23999,32,32,0,32,0
rough_04,vx_+0.30,24499,32,32,0,32,0
rough_04,vx_-0.50,19999,32,32,0,32,0
rough_04,vx_-0.50,21999,32,32,0,32,0
rough_04,vx_-0.50,rl_sar,32,20,0,20,0
rough_04,vx_-0.50,23999,32,32,0,32,0
rough_04,vx_-0.50,24499,32,32,0,32,0
rough_04,vx_+0.50,19999,32,32,0,32,0
rough_04,vx_+0.50,21999,32,32,0,32,0
rough_04,vx_+0.50,rl_sar,32,22,0,22,0
rough_04,vx_+0.50,23999,32,32,0,32,0
rough_04,vx_+0.50,24499,32,32,0,32,0
rough_04,vx_-0.70,19999,32,32,0,32,0
rough_04,vx_-0.70,21999,32,32,0,32,0
rough_04,vx_-0.70,rl_sar,32,23,0,23,0
rough_04,vx_-0.70,23999,32,32,0,32,0
rough_04,vx_-0.70,24499,32,32,0,32,0
rough_04,vx_+0.70,19999,32,32,0,32,0
rough_04,vx_+0.70,21999,32,32,0,32,0
rough_04,vx_+0.70,rl_sar,32,16,0,16,0
rough_04,vx_+0.70,23999,32,32,0,32,0
rough_04,vx_+0.70,24499,32,31,0,31,0
rough_04,vx_-1.00,19999,32,1,0,32,0
rough_04,vx_-1.00,21999,32,27,0,32,0
rough_04,vx_-1.00,rl_sar,32,3,0,23,0
rough_04,vx_-1.00,23999,32,14,0,32,0
rough_04,vx_-1.00,24499,32,23,0,32,0
rough_04,vx_+1.00,19999,32,0,0,31,0
rough_04,vx_+1.00,21999,32,6,0,32,0
rough_04,vx_+1.00,rl_sar,32,0,0,7,0
rough_04,vx_+1.00,23999,32,0,0,32,0
rough_04,vx_+1.00,24499,32,3,0,32,0
rough_04,vy_-0.30,19999,32,0,0,32,0
rough_04,vy_-0.30,21999,32,0,0,32,0
rough_04,vy_-0.30,rl_sar,32,0,0,23,0
rough_04,vy_-0.30,23999,32,0,0,32,0
rough_04,vy_-0.30,24499,32,0,0,32,0
rough_04,vy_+0.30,19999,32,0,0,32,0
rough_04,vy_+0.30,21999,32,2,0,32,0
rough_04,vy_+0.30,rl_sar,32,0,0,23,0
rough_04,vy_+0.30,23999,32,0,0,32,0
rough_04,vy_+0.30,24499,32,18,0,32,0
rough_04,vy_-0.50,19999,32,29,0,32,0
rough_04,vy_-0.50,21999,32,26,0,32,0
rough_04,vy_-0.50,rl_sar,32,14,0,17,0
rough_04,vy_-0.50,23999,32,31,0,31,0
rough_04,vy_-0.50,24499,32,29,0,31,0
rough_04,vy_+0.50,19999,32,32,0,32,0
rough_04,vy_+0.50,21999,32,32,0,32,0
rough_04,vy_+0.50,rl_sar,32,15,0,24,0
rough_04,vy_+0.50,23999,32,32,0,32,0
rough_04,vy_+0.50,24499,32,32,0,32,0
rough_04,vy_-0.70,19999,32,30,0,31,0
rough_04,vy_-0.70,21999,32,21,0,32,0
rough_04,vy_-0.70,rl_sar,32,11,0,17,0
rough_04,vy_-0.70,23999,32,30,0,32,0
rough_04,vy_-0.70,24499,32,30,0,31,0
rough_04,vy_+0.70,19999,32,29,0,30,0
rough_04,vy_+0.70,21999,32,28,0,31,0
rough_04,vy_+0.70,rl_sar,32,10,0,21,0
rough_04,vy_+0.70,23999,32,27,0,32,0
rough_04,vy_+0.70,24499,32,31,0,32,0
rough_04,vy_-1.00,19999,32,14,0,31,0
rough_04,vy_-1.00,21999,32,10,0,32,0
rough_04,vy_-1.00,rl_sar,32,1,0,14,0
rough_04,vy_-1.00,23999,32,21,0,32,0
rough_04,vy_-1.00,24499,32,27,0,32,0
rough_04,vy_+1.00,19999,32,1,0,31,0
rough_04,vy_+1.00,21999,32,21,0,32,0
rough_04,vy_+1.00,rl_sar,32,1,0,21,0
rough_04,vy_+1.00,23999,32,15,0,32,0
rough_04,vy_+1.00,24499,32,28,0,32,0
rough_04,wz_-0.30,19999,32,0,0,25,0
rough_04,wz_-0.30,21999,32,0,0,32,0
rough_04,wz_-0.30,rl_sar,32,20,0,20,0
rough_04,wz_-0.30,23999,32,27,0,32,0
rough_04,wz_-0.30,24499,32,0,0,32,0
rough_04,wz_+0.30,19999,32,0,0,20,0
rough_04,wz_+0.30,21999,32,0,0,32,0
rough_04,wz_+0.30,rl_sar,32,0,0,21,0
rough_04,wz_+0.30,23999,32,26,0,32,0
rough_04,wz_+0.30,24499,32,10,0,32,0
rough_04,wz_-0.50,19999,32,3,0,27,0
rough_04,wz_-0.50,21999,32,32,0,32,0
rough_04,wz_-0.50,rl_sar,32,10,0,11,0
rough_04,wz_-0.50,23999,32,32,0,32,0
rough_04,wz_-0.50,24499,32,32,0,32,0
rough_04,wz_+0.50,19999,32,21,0,22,0
rough_04,wz_+0.50,21999,32,32,0,32,0
rough_04,wz_+0.50,rl_sar,32,4,0,20,0
rough_04,wz_+0.50,23999,32,32,0,32,0
rough_04,wz_+0.50,24499,32,32,0,32,0
rough_04,wz_-0.70,19999,32,0,0,29,0
rough_04,wz_-0.70,21999,32,32,0,32,0
rough_04,wz_-0.70,rl_sar,32,13,0,18,0
rough_04,wz_-0.70,23999,32,32,0,32,0
rough_04,wz_-0.70,24499,32,31,0,32,0
rough_04,wz_+0.70,19999,32,9,1,26,0
rough_04,wz_+0.70,21999,32,32,0,32,0
rough_04,wz_+0.70,rl_sar,32,6,0,23,0
rough_04,wz_+0.70,23999,32,32,0,32,0
rough_04,wz_+0.70,24499,32,32,0,32,0
rough_04,wz_-1.00,19999,32,0,1,29,0
rough_04,wz_-1.00,21999,32,32,0,32,0
rough_04,wz_-1.00,rl_sar,32,4,0,21,0
rough_04,wz_-1.00,23999,32,28,0,32,0
rough_04,wz_-1.00,24499,32,23,0,32,0
rough_04,wz_+1.00,19999,32,0,1,27,0
rough_04,wz_+1.00,21999,32,32,0,32,0
rough_04,wz_+1.00,rl_sar,32,2,0,24,0
rough_04,wz_+1.00,23999,32,32,0,32,0
rough_04,wz_+1.00,24499,32,32,0,32,0
rough_04,diagonal_-1_-1,19999,32,24,0,32,0
rough_04,diagonal_-1_-1,21999,32,32,0,32,0
rough_04,diagonal_-1_-1,rl_sar,32,11,0,21,0
rough_04,diagonal_-1_-1,23999,32,32,0,32,0
rough_04,diagonal_-1_-1,24499,32,29,0,32,0
rough_04,turning_-1_-1,19999,32,19,0,25,0
rough_04,turning_-1_-1,21999,32,32,0,32,0
rough_04,turning_-1_-1,rl_sar,32,7,0,7,0
rough_04,turning_-1_-1,23999,32,31,0,31,0
rough_04,turning_-1_-1,24499,32,31,0,31,0
rough_04,diagonal_-1_+1,19999,32,32,0,32,0
rough_04,diagonal_-1_+1,21999,32,30,0,32,0
rough_04,diagonal_-1_+1,rl_sar,32,16,0,18,0
rough_04,diagonal_-1_+1,23999,32,31,0,31,0
rough_04,diagonal_-1_+1,24499,32,32,0,32,0
rough_04,turning_-1_+1,19999,32,26,0,27,0
rough_04,turning_-1_+1,21999,32,32,0,32,0
rough_04,turning_-1_+1,rl_sar,32,10,0,11,0
rough_04,turning_-1_+1,23999,32,32,0,32,0
rough_04,turning_-1_+1,24499,32,32,0,32,0
rough_04,diagonal_+1_-1,19999,32,21,0,32,0
rough_04,diagonal_+1_-1,21999,32,24,0,32,0
rough_04,diagonal_+1_-1,rl_sar,32,8,0,23,0
rough_04,diagonal_+1_-1,23999,32,24,0,32,0
rough_04,diagonal_+1_-1,24499,32,24,0,30,0
rough_04,turning_+1_-1,19999,32,22,0,30,0
rough_04,turning_+1_-1,21999,32,30,0,32,0
rough_04,turning_+1_-1,rl_sar,32,1,0,13,0
rough_04,turning_+1_-1,23999,32,30,0,31,0
rough_04,turning_+1_-1,24499,32,31,0,32,0
rough_04,diagonal_+1_+1,19999,32,30,0,31,0
rough_04,diagonal_+1_+1,21999,32,32,0,32,0
rough_04,diagonal_+1_+1,rl_sar,32,1,0,23,0
rough_04,diagonal_+1_+1,23999,32,30,0,32,0
rough_04,diagonal_+1_+1,24499,32,30,0,31,0
rough_04,turning_+1_+1,19999,32,28,0,29,0
rough_04,turning_+1_+1,21999,32,32,0,32,0
rough_04,turning_+1_+1,rl_sar,32,5,0,22,0
rough_04,turning_+1_+1,23999,32,32,0,32,0
rough_04,turning_+1_+1,24499,32,32,0,32,0
rough_04,transitions_vx,19999,32,32,0,32,0
rough_04,transitions_vx,21999,32,32,0,32,0
rough_04,transitions_vx,rl_sar,32,8,0,8,0
rough_04,transitions_vx,23999,32,32,0,32,0
rough_04,transitions_vx,24499,32,32,0,32,0
rough_04,transitions_vy,19999,32,0,0,32,0
rough_04,transitions_vy,21999,32,7,0,32,0
rough_04,transitions_vy,rl_sar,32,0,0,22,0
rough_04,transitions_vy,23999,32,0,0,32,0
rough_04,transitions_vy,24499,32,15,0,32,0
rough_04,transitions_wz,19999,32,0,0,29,0
rough_04,transitions_wz,21999,32,0,0,32,0
rough_04,transitions_wz,rl_sar,32,0,0,20,0
rough_04,transitions_wz,23999,32,19,0,32,0
rough_04,transitions_wz,24499,32,17,0,32,0
boxes_10,stand,19999,32,32,0,32,0
boxes_10,stand,21999,32,32,0,32,0
boxes_10,stand,rl_sar,32,32,0,32,0
boxes_10,stand,23999,32,32,0,32,0
boxes_10,stand,24499,32,32,0,32,0
boxes_10,vx_-0.30,19999,32,4,0,30,0
boxes_10,vx_-0.30,21999,32,10,0,30,0
boxes_10,vx_-0.30,rl_sar,32,0,0,24,0
boxes_10,vx_-0.30,23999,32,7,0,30,0
boxes_10,vx_-0.30,24499,32,6,0,31,0
boxes_10,vx_+0.30,19999,32,12,0,30,0
boxes_10,vx_+0.30,21999,32,12,0,32,0
boxes_10,vx_+0.30,rl_sar,32,0,0,32,0
boxes_10,vx_+0.30,23999,32,25,0,32,0
boxes_10,vx_+0.30,24499,32,19,0,32,0
boxes_10,vx_-0.50,19999,32,0,0,31,0
boxes_10,vx_-0.50,21999,32,0,0,32,0
boxes_10,vx_-0.50,rl_sar,32,0,0,26,0
boxes_10,vx_-0.50,23999,32,0,0,32,0
boxes_10,vx_-0.50,24499,32,1,0,31,0
boxes_10,vx_+0.50,19999,32,7,0,32,0
boxes_10,vx_+0.50,21999,32,9,0,32,0
boxes_10,vx_+0.50,rl_sar,32,0,0,27,0
boxes_10,vx_+0.50,23999,32,4,0,32,0
boxes_10,vx_+0.50,24499,32,8,0,32,0
boxes_10,vx_-0.70,19999,32,0,0,30,0
boxes_10,vx_-0.70,21999,32,1,0,31,0
boxes_10,vx_-0.70,rl_sar,32,0,0,31,0
boxes_10,vx_-0.70,23999,32,0,0,32,0
boxes_10,vx_-0.70,24499,32,1,0,29,0
boxes_10,vx_+0.70,19999,32,0,0,31,0
boxes_10,vx_+0.70,21999,32,4,0,32,0
boxes_10,vx_+0.70,rl_sar,32,0,0,29,0
boxes_10,vx_+0.70,23999,32,5,0,32,0
boxes_10,vx_+0.70,24499,32,3,0,32,0
boxes_10,vx_-1.00,19999,32,0,0,29,0
boxes_10,vx_-1.00,21999,32,0,0,32,0
boxes_10,vx_-1.00,rl_sar,32,0,0,31,0
boxes_10,vx_-1.00,23999,32,0,0,32,0
boxes_10,vx_-1.00,24499,32,0,0,31,0
boxes_10,vx_+1.00,19999,32,0,0,32,0
boxes_10,vx_+1.00,21999,32,0,0,32,0
boxes_10,vx_+1.00,rl_sar,32,0,0,30,0
boxes_10,vx_+1.00,23999,32,0,0,32,0
boxes_10,vx_+1.00,24499,32,0,0,32,0
boxes_10,vy_-0.30,19999,32,0,0,31,0
boxes_10,vy_-0.30,21999,32,0,0,31,0
boxes_10,vy_-0.30,rl_sar,32,0,0,26,0
boxes_10,vy_-0.30,23999,32,0,0,31,0
boxes_10,vy_-0.30,24499,32,0,0,32,0
boxes_10,vy_+0.30,19999,32,0,0,30,0
boxes_10,vy_+0.30,21999,32,0,0,30,0
boxes_10,vy_+0.30,rl_sar,32,0,0,22,0
boxes_10,vy_+0.30,23999,32,0,0,32,0
boxes_10,vy_+0.30,24499,32,0,0,30,0
boxes_10,vy_-0.50,19999,32,0,0,29,0
boxes_10,vy_-0.50,21999,32,0,0,32,0
boxes_10,vy_-0.50,rl_sar,32,0,1,21,0
boxes_10,vy_-0.50,23999,32,0,1,31,0
boxes_10,vy_-0.50,24499,32,0,0,31,0
boxes_10,vy_+0.50,19999,32,2,0,30,0
boxes_10,vy_+0.50,21999,32,0,0,32,0
boxes_10,vy_+0.50,rl_sar,32,0,5,19,0
boxes_10,vy_+0.50,23999,32,0,0,32,0
boxes_10,vy_+0.50,24499,32,0,0,31,0
boxes_10,vy_-0.70,19999,32,1,0,31,0
boxes_10,vy_-0.70,21999,32,0,0,32,0
boxes_10,vy_-0.70,rl_sar,32,0,2,18,0
boxes_10,vy_-0.70,23999,32,0,0,30,0
boxes_10,vy_-0.70,24499,32,0,0,30,0
boxes_10,vy_+0.70,19999,32,0,0,32,0
boxes_10,vy_+0.70,21999,32,0,0,31,0
boxes_10,vy_+0.70,rl_sar,32,0,5,19,0
boxes_10,vy_+0.70,23999,32,0,0,32,0
boxes_10,vy_+0.70,24499,32,0,0,31,0
boxes_10,vy_-1.00,19999,32,0,0,29,0
boxes_10,vy_-1.00,21999,32,0,0,30,0
boxes_10,vy_-1.00,rl_sar,32,0,1,17,0
boxes_10,vy_-1.00,23999,32,0,0,32,0
boxes_10,vy_-1.00,24499,32,0,1,30,0
boxes_10,vy_+1.00,19999,32,0,0,29,0
boxes_10,vy_+1.00,21999,32,0,0,31,0
boxes_10,vy_+1.00,rl_sar,32,0,7,17,0
boxes_10,vy_+1.00,23999,32,0,0,31,0
boxes_10,vy_+1.00,24499,32,0,0,29,0
boxes_10,wz_-0.30,19999,32,0,0,26,0
boxes_10,wz_-0.30,21999,32,0,0,31,0
boxes_10,wz_-0.30,rl_sar,32,2,0,23,0
boxes_10,wz_-0.30,23999,32,0,0,32,0
boxes_10,wz_-0.30,24499,32,0,0,32,0
boxes_10,wz_+0.30,19999,32,0,0,23,0
boxes_10,wz_+0.30,21999,32,0,0,32,0
boxes_10,wz_+0.30,rl_sar,32,0,0,21,0
boxes_10,wz_+0.30,23999,32,0,0,32,0
boxes_10,wz_+0.30,24499,32,0,0,32,0
boxes_10,wz_-0.50,19999,32,3,0,19,0
boxes_10,wz_-0.50,21999,32,0,0,31,0
boxes_10,wz_-0.50,rl_sar,32,12,0,25,0
boxes_10,wz_-0.50,23999,32,32,0,32,0
boxes_10,wz_-0.50,24499,32,31,0,32,0
boxes_10,wz_+0.50,19999,32,1,0,24,0
boxes_10,wz_+0.50,21999,32,0,0,32,0
boxes_10,wz_+0.50,rl_sar,32,0,0,17,0
boxes_10,wz_+0.50,23999,32,32,0,32,0
boxes_10,wz_+0.50,24499,32,31,0,32,0
boxes_10,wz_-0.70,19999,32,0,0,24,0
boxes_10,wz_-0.70,21999,32,30,0,32,0
boxes_10,wz_-0.70,rl_sar,32,6,0,25,0
boxes_10,wz_-0.70,23999,32,31,0,32,0
boxes_10,wz_-0.70,24499,32,31,0,32,0
boxes_10,wz_+0.70,19999,32,0,0,27,0
boxes_10,wz_+0.70,21999,32,32,0,32,0
boxes_10,wz_+0.70,rl_sar,32,5,0,17,0
boxes_10,wz_+0.70,23999,32,31,0,32,0
boxes_10,wz_+0.70,24499,32,32,0,32,0
boxes_10,wz_-1.00,19999,32,0,0,22,0
boxes_10,wz_-1.00,21999,32,30,0,32,0
boxes_10,wz_-1.00,rl_sar,32,0,0,15,0
boxes_10,wz_-1.00,23999,32,31,0,32,0
boxes_10,wz_-1.00,24499,32,28,0,32,0
boxes_10,wz_+1.00,19999,32,0,2,25,0
boxes_10,wz_+1.00,21999,32,30,0,32,0
boxes_10,wz_+1.00,rl_sar,32,0,0,19,0
boxes_10,wz_+1.00,23999,32,30,0,32,0
boxes_10,wz_+1.00,24499,32,31,0,31,0
boxes_10,diagonal_-1_-1,19999,32,0,0,28,0
boxes_10,diagonal_-1_-1,21999,32,0,0,32,0
boxes_10,diagonal_-1_-1,rl_sar,32,0,1,17,0
boxes_10,diagonal_-1_-1,23999,32,0,0,30,0
boxes_10,diagonal_-1_-1,24499,32,0,0,31,0
boxes_10,turning_-1_-1,19999,32,0,1,20,0
boxes_10,turning_-1_-1,21999,32,0,0,29,0
boxes_10,turning_-1_-1,rl_sar,32,0,0,23,0
boxes_10,turning_-1_-1,23999,32,0,0,30,0
boxes_10,turning_-1_-1,24499,32,0,0,30,0
boxes_10,diagonal_-1_+1,19999,32,0,0,31,0
boxes_10,diagonal_-1_+1,21999,32,0,0,31,0
boxes_10,diagonal_-1_+1,rl_sar,32,0,2,22,0
boxes_10,diagonal_-1_+1,23999,32,0,0,32,0
boxes_10,diagonal_-1_+1,24499,32,0,2,29,0
boxes_10,turning_-1_+1,19999,32,0,0,29,0
boxes_10,turning_-1_+1,21999,32,0,0,29,0
boxes_10,turning_-1_+1,rl_sar,32,0,0,20,0
boxes_10,turning_-1_+1,23999,32,2,0,30,0
boxes_10,turning_-1_+1,24499,32,1,0,30,0
boxes_10,diagonal_+1_-1,19999,32,0,0,28,0
boxes_10,diagonal_+1_-1,21999,32,0,0,31,0
boxes_10,diagonal_+1_-1,rl_sar,32,0,2,17,0
boxes_10,diagonal_+1_-1,23999,32,0,0,29,0
boxes_10,diagonal_+1_-1,24499,32,0,0,32,0
boxes_10,turning_+1_-1,19999,32,0,0,25,0
boxes_10,turning_+1_-1,21999,32,0,0,29,0
boxes_10,turning_+1_-1,rl_sar,32,0,0,18,0
boxes_10,turning_+1_-1,23999,32,0,0,29,0
boxes_10,turning_+1_-1,24499,32,0,0,30,0
boxes_10,diagonal_+1_+1,19999,32,0,0,30,0
boxes_10,diagonal_+1_+1,21999,32,0,0,29,0
boxes_10,diagonal_+1_+1,rl_sar,32,0,1,21,0
boxes_10,diagonal_+1_+1,23999,32,0,0,30,0
boxes_10,diagonal_+1_+1,24499,32,0,0,32,0
boxes_10,turning_+1_+1,19999,32,0,0,30,0
boxes_10,turning_+1_+1,21999,32,0,0,28,0
boxes_10,turning_+1_+1,rl_sar,32,0,1,22,0
boxes_10,turning_+1_+1,23999,32,0,0,29,0
boxes_10,turning_+1_+1,24499,32,0,0,29,0
boxes_10,transitions_vx,19999,32,0,0,30,0
boxes_10,transitions_vx,21999,32,5,0,31,0
boxes_10,transitions_vx,rl_sar,32,0,0,27,0
boxes_10,transitions_vx,23999,32,2,0,32,0
boxes_10,transitions_vx,24499,32,1,0,32,0
boxes_10,transitions_vy,19999,32,0,0,29,0
boxes_10,transitions_vy,21999,32,0,0,31,0
boxes_10,transitions_vy,rl_sar,32,0,0,23,0
boxes_10,transitions_vy,23999,32,0,0,31,0
boxes_10,transitions_vy,24499,32,0,0,30,0
boxes_10,transitions_wz,19999,32,0,0,26,0
boxes_10,transitions_wz,21999,32,0,0,29,0
boxes_10,transitions_wz,rl_sar,32,0,0,24,0
boxes_10,transitions_wz,23999,32,0,0,32,0
boxes_10,transitions_wz,24499,32,0,0,32,0
slope_up_10,stand,19999,32,0,0,0,0
slope_up_10,stand,21999,32,32,0,32,0
slope_up_10,stand,rl_sar,32,0,0,0,0
slope_up_10,stand,23999,32,32,0,32,0
slope_up_10,stand,24499,32,32,0,32,0
slope_up_10,vx_-0.30,19999,32,1,0,28,0
slope_up_10,vx_-0.30,21999,32,32,0,32,0
slope_up_10,vx_-0.30,rl_sar,32,0,0,0,0
slope_up_10,vx_-0.30,23999,32,32,0,32,0
slope_up_10,vx_-0.30,24499,32,32,0,32,0
slope_up_10,vx_+0.30,19999,32,32,0,32,0
slope_up_10,vx_+0.30,21999,32,32,0,32,0
slope_up_10,vx_+0.30,rl_sar,32,0,0,0,0
slope_up_10,vx_+0.30,23999,32,32,0,32,0
slope_up_10,vx_+0.30,24499,32,32,0,32,0
slope_up_10,vx_-0.50,19999,32,32,0,32,0
slope_up_10,vx_-0.50,21999,32,32,0,32,0
slope_up_10,vx_-0.50,rl_sar,32,0,0,0,0
slope_up_10,vx_-0.50,23999,32,32,0,32,0
slope_up_10,vx_-0.50,24499,32,32,0,32,0
slope_up_10,vx_+0.50,19999,32,32,0,32,0
slope_up_10,vx_+0.50,21999,32,32,0,32,0
slope_up_10,vx_+0.50,rl_sar,32,0,0,0,0
slope_up_10,vx_+0.50,23999,32,32,0,32,0
slope_up_10,vx_+0.50,24499,32,32,0,32,0
slope_up_10,vx_-0.70,19999,32,32,0,32,0
slope_up_10,vx_-0.70,21999,32,32,0,32,0
slope_up_10,vx_-0.70,rl_sar,32,0,0,0,0
slope_up_10,vx_-0.70,23999,32,32,0,32,0
slope_up_10,vx_-0.70,24499,32,32,0,32,0
slope_up_10,vx_+0.70,19999,32,32,0,32,0
slope_up_10,vx_+0.70,21999,32,32,0,32,0
slope_up_10,vx_+0.70,rl_sar,32,0,0,0,0
slope_up_10,vx_+0.70,23999,32,32,0,32,0
slope_up_10,vx_+0.70,24499,32,32,0,32,0
slope_up_10,vx_-1.00,19999,32,29,0,32,0
slope_up_10,vx_-1.00,21999,32,32,0,32,0
slope_up_10,vx_-1.00,rl_sar,32,0,0,0,0
slope_up_10,vx_-1.00,23999,32,32,0,32,0
slope_up_10,vx_-1.00,24499,32,31,0,32,0
slope_up_10,vx_+1.00,19999,32,0,0,32,0
slope_up_10,vx_+1.00,21999,32,22,0,32,0
slope_up_10,vx_+1.00,rl_sar,32,0,0,0,0
slope_up_10,vx_+1.00,23999,32,0,0,32,0
slope_up_10,vx_+1.00,24499,32,0,0,32,0
slope_up_10,vy_-0.30,19999,32,0,0,0,0
slope_up_10,vy_-0.30,21999,32,0,0,32,0
slope_up_10,vy_-0.30,rl_sar,32,0,0,0,0
slope_up_10,vy_-0.30,23999,32,1,0,32,0
slope_up_10,vy_-0.30,24499,32,3,0,32,0
slope_up_10,vy_+0.30,19999,32,0,0,0,0
slope_up_10,vy_+0.30,21999,32,17,0,32,0
slope_up_10,vy_+0.30,rl_sar,32,0,0,1,0
slope_up_10,vy_+0.30,23999,32,28,0,32,0
slope_up_10,vy_+0.30,24499,32,32,0,32,0
slope_up_10,vy_-0.50,19999,32,5,0,5,0
slope_up_10,vy_-0.50,21999,32,29,0,32,0
slope_up_10,vy_-0.50,rl_sar,32,0,0,0,0
slope_up_10,vy_-0.50,23999,32,32,0,32,0
slope_up_10,vy_-0.50,24499,32,31,0,31,0
slope_up_10,vy_+0.50,19999,32,0,0,0,0
slope_up_10,vy_+0.50,21999,32,32,0,32,0
slope_up_10,vy_+0.50,rl_sar,32,0,0,0,0
slope_up_10,vy_+0.50,23999,32,32,0,32,0
slope_up_10,vy_+0.50,24499,32,32,0,32,0
slope_up_10,vy_-0.70,19999,32,24,0,25,0
slope_up_10,vy_-0.70,21999,32,32,0,32,0
slope_up_10,vy_-0.70,rl_sar,32,0,0,0,0
slope_up_10,vy_-0.70,23999,32,29,0,32,0
slope_up_10,vy_-0.70,24499,32,29,0,31,0
slope_up_10,vy_+0.70,19999,32,2,0,2,0
slope_up_10,vy_+0.70,21999,32,31,0,32,0
slope_up_10,vy_+0.70,rl_sar,32,0,0,0,0
slope_up_10,vy_+0.70,23999,32,32,0,32,0
slope_up_10,vy_+0.70,24499,32,32,0,32,0
slope_up_10,vy_-1.00,19999,32,22,0,32,0
slope_up_10,vy_-1.00,21999,32,8,0,32,0
slope_up_10,vy_-1.00,rl_sar,32,0,0,0,0
slope_up_10,vy_-1.00,23999,32,2,0,32,0
slope_up_10,vy_-1.00,24499,32,8,0,32,0
slope_up_10,vy_+1.00,19999,32,1,0,1,0
slope_up_10,vy_+1.00,21999,32,31,0,32,0
slope_up_10,vy_+1.00,rl_sar,32,0,0,0,0
slope_up_10,vy_+1.00,23999,32,28,0,32,0
slope_up_10,vy_+1.00,24499,32,29,0,32,0
slope_up_10,wz_-0.30,19999,32,0,0,24,0
slope_up_10,wz_-0.30,21999,32,0,0,27,0
slope_up_10,wz_-0.30,rl_sar,32,0,0,0,0
slope_up_10,wz_-0.30,23999,32,0,0,32,0
slope_up_10,wz_-0.30,24499,32,0,0,32,0
slope_up_10,wz_+0.30,19999,32,0,0,29,0
slope_up_10,wz_+0.30,21999,32,0,0,28,0
slope_up_10,wz_+0.30,rl_sar,32,0,0,18,0
slope_up_10,wz_+0.30,23999,32,0,0,32,0
slope_up_10,wz_+0.30,24499,32,0,0,30,0
slope_up_10,wz_-0.50,19999,32,0,0,0,0
slope_up_10,wz_-0.50,21999,32,0,0,32,0
slope_up_10,wz_-0.50,rl_sar,32,0,0,0,0
slope_up_10,wz_-0.50,23999,32,32,0,32,0
slope_up_10,wz_-0.50,24499,32,32,0,32,0
slope_up_10,wz_+0.50,19999,32,5,0,21,0
slope_up_10,wz_+0.50,21999,32,0,0,30,0
slope_up_10,wz_+0.50,rl_sar,32,0,0,25,0
slope_up_10,wz_+0.50,23999,32,32,0,32,0
slope_up_10,wz_+0.50,24499,32,32,0,32,0
slope_up_10,wz_-0.70,19999,32,0,0,20,0
slope_up_10,wz_-0.70,21999,32,32,0,32,0
slope_up_10,wz_-0.70,rl_sar,32,6,0,26,0
slope_up_10,wz_-0.70,23999,32,32,0,32,0
slope_up_10,wz_-0.70,24499,32,32,0,32,0
slope_up_10,wz_+0.70,19999,32,3,0,10,0
slope_up_10,wz_+0.70,21999,32,32,0,32,0
slope_up_10,wz_+0.70,rl_sar,32,0,0,19,0
slope_up_10,wz_+0.70,23999,32,32,0,32,0
slope_up_10,wz_+0.70,24499,32,32,0,32,0
slope_up_10,wz_-1.00,19999,32,0,0,2,0
slope_up_10,wz_-1.00,21999,32,31,0,32,0
slope_up_10,wz_-1.00,rl_sar,32,0,0,4,0
slope_up_10,wz_-1.00,23999,32,30,0,32,0
slope_up_10,wz_-1.00,24499,32,29,0,30,0
slope_up_10,wz_+1.00,19999,32,0,9,19,0
slope_up_10,wz_+1.00,21999,32,32,0,32,0
slope_up_10,wz_+1.00,rl_sar,32,0,0,20,0
slope_up_10,wz_+1.00,23999,32,24,0,31,0
slope_up_10,wz_+1.00,24499,32,28,0,32,0
slope_up_10,diagonal_-1_-1,19999,32,22,0,25,0
slope_up_10,diagonal_-1_-1,21999,32,32,0,32,0
slope_up_10,diagonal_-1_-1,rl_sar,32,0,0,0,0
slope_up_10,diagonal_-1_-1,23999,32,14,0,32,0
slope_up_10,diagonal_-1_-1,24499,32,26,0,32,0
slope_up_10,turning_-1_-1,19999,32,20,0,28,0
slope_up_10,turning_-1_-1,21999,32,32,0,32,0
slope_up_10,turning_-1_-1,rl_sar,32,0,0,7,0
slope_up_10,turning_-1_-1,23999,32,32,0,32,0
slope_up_10,turning_-1_-1,24499,32,32,0,32,0
slope_up_10,diagonal_-1_+1,19999,32,2,0,2,0
slope_up_10,diagonal_-1_+1,21999,32,32,0,32,0
slope_up_10,diagonal_-1_+1,rl_sar,32,0,0,0,0
slope_up_10,diagonal_-1_+1,23999,32,32,0,32,0
slope_up_10,diagonal_-1_+1,24499,32,32,0,32,0
slope_up_10,turning_-1_+1,19999,32,0,0,0,0
slope_up_10,turning_-1_+1,21999,32,31,0,31,0
slope_up_10,turning_-1_+1,rl_sar,32,0,0,4,0
slope_up_10,turning_-1_+1,23999,32,32,0,32,0
slope_up_10,turning_-1_+1,24499,32,32,0,32,0
slope_up_10,diagonal_+1_-1,19999,32,29,0,32,0
slope_up_10,diagonal_+1_-1,21999,32,32,0,32,0
slope_up_10,diagonal_+1_-1,rl_sar,32,0,0,0,0
slope_up_10,diagonal_+1_-1,23999,32,32,0,32,0
slope_up_10,diagonal_+1_-1,24499,32,32,0,32,0
slope_up_10,turning_+1_-1,19999,32,4,0,24,0
slope_up_10,turning_+1_-1,21999,32,26,0,26,0
slope_up_10,turning_+1_-1,rl_sar,32,0,0,0,0
slope_up_10,turning_+1_-1,23999,32,32,0,32,0
slope_up_10,turning_+1_-1,24499,32,30,0,30,0
slope_up_10,diagonal_+1_+1,19999,32,17,0,17,0
slope_up_10,diagonal_+1_+1,21999,32,31,0,32,0
slope_up_10,diagonal_+1_+1,rl_sar,32,0,0,0,0
slope_up_10,diagonal_+1_+1,23999,32,31,0,32,0
slope_up_10,diagonal_+1_+1,24499,32,31,0,32,0
slope_up_10,turning_+1_+1,19999,32,0,0,0,0
slope_up_10,turning_+1_+1,21999,32,32,0,32,0
slope_up_10,turning_+1_+1,rl_sar,32,4,0,16,0
slope_up_10,turning_+1_+1,23999,32,32,0,32,0
slope_up_10,turning_+1_+1,24499,32,32,0,32,0
slope_up_10,transitions_vx,19999,32,32,0,32,0
slope_up_10,transitions_vx,21999,32,32,0,32,0
slope_up_10,transitions_vx,rl_sar,32,0,0,0,0
slope_up_10,transitions_vx,23999,32,32,0,32,0
slope_up_10,transitions_vx,24499,32,32,0,32,0
slope_up_10,transitions_vy,19999,32,0,0,0,0
slope_up_10,transitions_vy,21999,32,12,0,30,0
slope_up_10,transitions_vy,rl_sar,32,0,0,0,0
slope_up_10,transitions_vy,23999,32,26,0,32,0
slope_up_10,transitions_vy,24499,32,29,0,32,0
slope_up_10,transitions_wz,19999,32,0,0,22,0
slope_up_10,transitions_wz,21999,32,0,0,26,0
slope_up_10,transitions_wz,rl_sar,32,0,0,29,0
slope_up_10,transitions_wz,23999,32,0,0,32,0
slope_up_10,transitions_wz,24499,32,0,0,32,0
slope_down_10,stand,19999,32,32,0,32,0
slope_down_10,stand,21999,32,32,0,32,0
slope_down_10,stand,rl_sar,32,32,0,32,0
slope_down_10,stand,23999,32,32,0,32,0
slope_down_10,stand,24499,32,32,0,32,0
slope_down_10,vx_-0.30,19999,32,32,0,32,0
slope_down_10,vx_-0.30,21999,32,32,0,32,0
slope_down_10,vx_-0.30,rl_sar,32,32,0,32,0
slope_down_10,vx_-0.30,23999,32,32,0,32,0
slope_down_10,vx_-0.30,24499,32,32,0,32,0
slope_down_10,vx_+0.30,19999,32,32,0,32,0
slope_down_10,vx_+0.30,21999,32,32,0,32,0
slope_down_10,vx_+0.30,rl_sar,32,32,0,32,0
slope_down_10,vx_+0.30,23999,32,32,0,32,0
slope_down_10,vx_+0.30,24499,32,32,0,32,0
slope_down_10,vx_-0.50,19999,32,32,0,32,0
slope_down_10,vx_-0.50,21999,32,32,0,32,0
slope_down_10,vx_-0.50,rl_sar,32,32,0,32,0
slope_down_10,vx_-0.50,23999,32,32,0,32,0
slope_down_10,vx_-0.50,24499,32,32,0,32,0
slope_down_10,vx_+0.50,19999,32,32,0,32,0
slope_down_10,vx_+0.50,21999,32,32,0,32,0
slope_down_10,vx_+0.50,rl_sar,32,29,0,29,0
slope_down_10,vx_+0.50,23999,32,32,0,32,0
slope_down_10,vx_+0.50,24499,32,32,0,32,0
slope_down_10,vx_-0.70,19999,32,32,0,32,0
slope_down_10,vx_-0.70,21999,32,32,0,32,0
slope_down_10,vx_-0.70,rl_sar,32,32,0,32,0
slope_down_10,vx_-0.70,23999,32,32,0,32,0
slope_down_10,vx_-0.70,24499,32,32,0,32,0
slope_down_10,vx_+0.70,19999,32,32,0,32,0
slope_down_10,vx_+0.70,21999,32,32,0,32,0
slope_down_10,vx_+0.70,rl_sar,32,27,0,27,0
slope_down_10,vx_+0.70,23999,32,32,0,32,0
slope_down_10,vx_+0.70,24499,32,32,0,32,0
slope_down_10,vx_-1.00,19999,32,0,0,32,0
slope_down_10,vx_-1.00,21999,32,2,0,32,0
slope_down_10,vx_-1.00,rl_sar,32,0,0,32,0
slope_down_10,vx_-1.00,23999,32,0,0,32,0
slope_down_10,vx_-1.00,24499,32,0,0,32,0
slope_down_10,vx_+1.00,19999,32,32,0,32,0
slope_down_10,vx_+1.00,21999,32,31,0,32,0
slope_down_10,vx_+1.00,rl_sar,32,32,0,32,0
slope_down_10,vx_+1.00,23999,32,32,0,32,0
slope_down_10,vx_+1.00,24499,32,32,0,32,0
slope_down_10,vy_-0.30,19999,32,0,0,32,0
slope_down_10,vy_-0.30,21999,32,0,0,32,0
slope_down_10,vy_-0.30,rl_sar,32,0,0,31,0
slope_down_10,vy_-0.30,23999,32,0,0,32,0
slope_down_10,vy_-0.30,24499,32,0,0,32,0
slope_down_10,vy_+0.30,19999,32,0,0,32,0
slope_down_10,vy_+0.30,21999,32,0,0,32,0
slope_down_10,vy_+0.30,rl_sar,32,0,0,32,0
slope_down_10,vy_+0.30,23999,32,0,0,32,0
slope_down_10,vy_+0.30,24499,32,0,0,32,0
slope_down_10,vy_-0.50,19999,32,32,0,32,0
slope_down_10,vy_-0.50,21999,32,29,0,32,0
slope_down_10,vy_-0.50,rl_sar,32,27,0,30,0
slope_down_10,vy_-0.50,23999,32,31,0,31,0
slope_down_10,vy_-0.50,24499,32,31,0,32,0
slope_down_10,vy_+0.50,19999,32,32,0,32,0
slope_down_10,vy_+0.50,21999,32,20,0,32,0
slope_down_10,vy_+0.50,rl_sar,32,3,0,32,0
slope_down_10,vy_+0.50,23999,32,32,0,32,0
slope_down_10,vy_+0.50,24499,32,31,0,32,0
slope_down_10,vy_-0.70,19999,32,32,0,32,0
slope_down_10,vy_-0.70,21999,32,31,0,31,0
slope_down_10,vy_-0.70,rl_sar,32,3,0,31,0
slope_down_10,vy_-0.70,23999,32,27,0,31,0
slope_down_10,vy_-0.70,24499,32,31,0,31,0
slope_down_10,vy_+0.70,19999,32,28,0,32,0
slope_down_10,vy_+0.70,21999,32,27,0,32,0
slope_down_10,vy_+0.70,rl_sar,32,1,2,26,0
slope_down_10,vy_+0.70,23999,32,31,0,32,0
slope_down_10,vy_+0.70,24499,32,31,0,32,0
slope_down_10,vy_-1.00,19999,32,1,0,32,0
slope_down_10,vy_-1.00,21999,32,20,0,32,0
slope_down_10,vy_-1.00,rl_sar,32,0,1,26,0
slope_down_10,vy_-1.00,23999,32,10,0,32,0
slope_down_10,vy_-1.00,24499,32,15,0,30,0
slope_down_10,vy_+1.00,19999,32,0,0,32,0
slope_down_10,vy_+1.00,21999,32,5,0,32,0
slope_down_10,vy_+1.00,rl_sar,32,0,3,27,0
slope_down_10,vy_+1.00,23999,32,4,0,32,0
slope_down_10,vy_+1.00,24499,32,17,0,32,0
slope_down_10,wz_-0.30,19999,32,0,0,32,0
slope_down_10,wz_-0.30,21999,32,0,0,24,0
slope_down_10,wz_-0.30,rl_sar,32,28,0,31,0
slope_down_10,wz_-0.30,23999,32,0,0,32,0
slope_down_10,wz_-0.30,24499,32,0,0,32,0
slope_down_10,wz_+0.30,19999,32,0,0,24,0
slope_down_10,wz_+0.30,21999,32,0,0,32,0
slope_down_10,wz_+0.30,rl_sar,32,0,0,1,0
slope_down_10,wz_+0.30,23999,32,0,0,32,0
slope_down_10,wz_+0.30,24499,32,0,0,32,0
slope_down_10,wz_-0.50,19999,32,1,0,21,0
slope_down_10,wz_-0.50,21999,32,0,0,27,0
slope_down_10,wz_-0.50,rl_sar,32,16,0,28,0
slope_down_10,wz_-0.50,23999,32,32,0,32,0
slope_down_10,wz_-0.50,24499,32,32,0,32,0
slope_down_10,wz_+0.50,19999,32,17,0,31,0
slope_down_10,wz_+0.50,21999,32,0,0,32,0
slope_down_10,wz_+0.50,rl_sar,32,0,0,6,0
slope_down_10,wz_+0.50,23999,32,32,0,32,0
slope_down_10,wz_+0.50,24499,32,32,0,32,0
slope_down_10,wz_-0.70,19999,32,0,0,32,0
slope_down_10,wz_-0.70,21999,32,32,0,32,0
slope_down_10,wz_-0.70,rl_sar,32,2,0,15,0
slope_down_10,wz_-0.70,23999,32,31,0,32,0
slope_down_10,wz_-0.70,24499,32,32,0,32,0
slope_down_10,wz_+0.70,19999,32,14,0,28,0
slope_down_10,wz_+0.70,21999,32,32,0,32,0
slope_down_10,wz_+0.70,rl_sar,32,0,0,18,0
slope_down_10,wz_+0.70,23999,32,32,0,32,0
slope_down_10,wz_+0.70,24499,32,32,0,32,0
slope_down_10,wz_-1.00,19999,32,0,0,28,0
slope_down_10,wz_-1.00,21999,32,29,0,32,0
slope_down_10,wz_-1.00,rl_sar,32,0,0,32,0
slope_down_10,wz_-1.00,23999,32,27,0,32,0
slope_down_10,wz_-1.00,24499,32,24,0,28,0
slope_down_10,wz_+1.00,19999,32,0,8,12,0
slope_down_10,wz_+1.00,21999,32,31,0,31,0
slope_down_10,wz_+1.00,rl_sar,32,0,0,0,0
slope_down_10,wz_+1.00,23999,32,27,0,31,0
slope_down_10,wz_+1.00,24499,32,32,0,32,0
slope_down_10,diagonal_-1_-1,19999,32,0,0,32,0
slope_down_10,diagonal_-1_-1,21999,32,30,0,32,0
slope_down_10,diagonal_-1_-1,rl_sar,32,4,0,32,0
slope_down_10,diagonal_-1_-1,23999,32,2,0,32,0
slope_down_10,diagonal_-1_-1,24499,32,1,0,32,0
slope_down_10,turning_-1_-1,19999,32,21,0,31,0
slope_down_10,turning_-1_-1,21999,32,32,0,32,0
slope_down_10,turning_-1_-1,rl_sar,32,0,0,15,0
slope_down_10,turning_-1_-1,23999,32,32,0,32,0
slope_down_10,turning_-1_-1,24499,32,32,0,32,0
slope_down_10,diagonal_-1_+1,19999,32,15,0,32,0
slope_down_10,diagonal_-1_+1,21999,32,6,0,32,0
slope_down_10,diagonal_-1_+1,rl_sar,32,0,0,24,0
slope_down_10,diagonal_-1_+1,23999,32,6,0,32,0
slope_down_10,diagonal_-1_+1,24499,32,30,0,32,0
slope_down_10,turning_-1_+1,19999,32,14,0,15,0
slope_down_10,turning_-1_+1,21999,32,22,0,32,0
slope_down_10,turning_-1_+1,rl_sar,32,6,0,27,0
slope_down_10,turning_-1_+1,23999,32,31,0,31,0
slope_down_10,turning_-1_+1,24499,32,32,0,32,0
slope_down_10,diagonal_+1_-1,19999,32,31,0,32,0
slope_down_10,diagonal_+1_-1,21999,32,31,0,32,0
slope_down_10,diagonal_+1_-1,rl_sar,32,21,0,32,0
slope_down_10,diagonal_+1_-1,23999,32,28,0,32,0
slope_down_10,diagonal_+1_-1,24499,32,29,0,32,0
slope_down_10,turning_+1_-1,19999,32,10,0,30,0
slope_down_10,turning_+1_-1,21999,32,28,0,29,0
slope_down_10,turning_+1_-1,rl_sar,32,3,0,32,0
slope_down_10,turning_+1_-1,23999,32,32,0,32,0
slope_down_10,turning_+1_-1,24499,32,32,0,32,0
slope_down_10,diagonal_+1_+1,19999,32,27,0,32,0
slope_down_10,diagonal_+1_+1,21999,32,28,0,31,0
slope_down_10,diagonal_+1_+1,rl_sar,32,0,0,30,0
slope_down_10,diagonal_+1_+1,23999,32,22,0,32,0
slope_down_10,diagonal_+1_+1,24499,32,28,0,31,0
slope_down_10,turning_+1_+1,19999,32,25,0,29,0
slope_down_10,turning_+1_+1,21999,32,32,0,32,0
slope_down_10,turning_+1_+1,rl_sar,32,1,0,13,0
slope_down_10,turning_+1_+1,23999,32,31,0,31,0
slope_down_10,turning_+1_+1,24499,32,31,0,31,0
slope_down_10,transitions_vx,19999,32,32,0,32,0
slope_down_10,transitions_vx,21999,32,32,0,32,0
slope_down_10,transitions_vx,rl_sar,32,31,0,31,0
slope_down_10,transitions_vx,23999,32,32,0,32,0
slope_down_10,transitions_vx,24499,32,32,0,32,0
slope_down_10,transitions_vy,19999,32,1,0,31,0
slope_down_10,transitions_vy,21999,32,0,0,32,0
slope_down_10,transitions_vy,rl_sar,32,0,0,31,0
slope_down_10,transitions_vy,23999,32,0,0,32,0
slope_down_10,transitions_vy,24499,32,0,0,32,0
slope_down_10,transitions_wz,19999,32,0,0,5,0
slope_down_10,transitions_wz,21999,32,0,0,31,0
slope_down_10,transitions_wz,rl_sar,32,0,0,0,0
slope_down_10,transitions_wz,23999,32,0,0,32,0
slope_down_10,transitions_wz,24499,32,0,0,32,0
stairs_up_06,traverse_0.3,19999,32,28,0,32,0
stairs_up_06,traverse_0.3,21999,32,31,0,32,0
stairs_up_06,traverse_0.3,rl_sar,32,22,0,24,0
stairs_up_06,traverse_0.3,23999,32,27,0,32,0
stairs_up_06,traverse_0.3,24499,32,11,0,32,0
stairs_up_06,traverse_0.5,19999,32,29,0,32,0
stairs_up_06,traverse_0.5,21999,32,31,0,32,0
stairs_up_06,traverse_0.5,rl_sar,32,25,0,29,0
stairs_up_06,traverse_0.5,23999,32,30,0,32,0
stairs_up_06,traverse_0.5,24499,32,30,0,32,0
stairs_up_06,traverse_0.7,19999,32,11,0,32,0
stairs_up_06,traverse_0.7,21999,32,24,0,32,0
stairs_up_06,traverse_0.7,rl_sar,32,2,0,29,0
stairs_up_06,traverse_0.7,23999,32,13,0,32,0
stairs_up_06,traverse_0.7,24499,32,11,0,32,0
stairs_up_06,backward_traverse,19999,32,32,0,32,0
stairs_up_06,backward_traverse,21999,32,14,0,32,0
stairs_up_06,backward_traverse,rl_sar,32,0,0,25,0
stairs_up_06,backward_traverse,23999,32,28,0,32,0
stairs_up_06,backward_traverse,24499,32,32,0,32,0
stairs_up_06,stair_stop_restart_0.3,19999,32,13,0,47,15
stairs_up_06,stair_stop_restart_0.3,21999,32,30,0,63,31
stairs_up_06,stair_stop_restart_0.3,rl_sar,32,0,0,25,0
stairs_up_06,stair_stop_restart_0.3,23999,32,12,0,64,32
stairs_up_06,stair_stop_restart_0.3,24499,32,2,0,64,32
stairs_up_06,stair_stop_restart_0.5,19999,32,4,0,37,5
stairs_up_06,stair_stop_restart_0.5,21999,32,30,0,63,31
stairs_up_06,stair_stop_restart_0.5,rl_sar,32,1,0,33,1
stairs_up_06,stair_stop_restart_0.5,23999,32,28,0,62,30
stairs_up_06,stair_stop_restart_0.5,24499,32,28,0,63,31
stairs_up_06,stair_stop_reverse,19999,32,9,0,45,15
stairs_up_06,stair_stop_reverse,21999,32,31,0,63,31
stairs_up_06,stair_stop_reverse,rl_sar,32,0,0,4,0
stairs_up_06,stair_stop_reverse,23999,32,19,0,64,32
stairs_up_06,stair_stop_reverse,24499,32,8,0,64,32
stairs_up_06,stair_stop_yaw_-1,19999,32,0,0,21,15
stairs_up_06,stair_stop_yaw_-1,21999,32,0,0,62,31
stairs_up_06,stair_stop_yaw_-1,rl_sar,32,0,0,11,0
stairs_up_06,stair_stop_yaw_-1,23999,32,1,0,57,32
stairs_up_06,stair_stop_yaw_-1,24499,32,0,0,61,32
stairs_up_06,stair_stop_yaw_+1,19999,32,0,0,22,9
stairs_up_06,stair_stop_yaw_+1,21999,32,0,0,60,29
stairs_up_06,stair_stop_yaw_+1,rl_sar,32,0,0,0,0
stairs_up_06,stair_stop_yaw_+1,23999,32,0,0,61,32
stairs_up_06,stair_stop_yaw_+1,24499,32,0,0,61,32
stairs_down_06,traverse_0.3,19999,32,32,0,32,0
stairs_down_06,traverse_0.3,21999,32,32,0,32,0
stairs_down_06,traverse_0.3,rl_sar,32,32,0,32,0
stairs_down_06,traverse_0.3,23999,32,32,0,32,0
stairs_down_06,traverse_0.3,24499,32,32,0,32,0
stairs_down_06,traverse_0.5,19999,32,32,0,32,0
stairs_down_06,traverse_0.5,21999,32,32,0,32,0
stairs_down_06,traverse_0.5,rl_sar,32,32,0,32,0
stairs_down_06,traverse_0.5,23999,32,32,0,32,0
stairs_down_06,traverse_0.5,24499,32,32,0,32,0
stairs_down_06,traverse_0.7,19999,32,32,0,32,0
stairs_down_06,traverse_0.7,21999,32,32,0,32,0
stairs_down_06,traverse_0.7,rl_sar,32,30,0,31,0
stairs_down_06,traverse_0.7,23999,32,32,0,32,0
stairs_down_06,traverse_0.7,24499,32,32,0,32,0
stairs_down_06,backward_traverse,19999,32,32,0,32,0
stairs_down_06,backward_traverse,21999,32,32,0,32,0
stairs_down_06,backward_traverse,rl_sar,32,0,0,1,0
stairs_down_06,backward_traverse,23999,32,32,0,32,0
stairs_down_06,backward_traverse,24499,32,32,0,32,0
stairs_down_06,stair_stop_restart_0.3,19999,32,28,0,60,28
stairs_down_06,stair_stop_restart_0.3,21999,32,32,0,64,32
stairs_down_06,stair_stop_restart_0.3,rl_sar,32,32,0,64,32
stairs_down_06,stair_stop_restart_0.3,23999,32,32,0,64,32
stairs_down_06,stair_stop_restart_0.3,24499,32,32,0,64,32
stairs_down_06,stair_stop_restart_0.5,19999,32,32,0,64,32
stairs_down_06,stair_stop_restart_0.5,21999,32,32,0,64,32
stairs_down_06,stair_stop_restart_0.5,rl_sar,32,32,0,64,32
stairs_down_06,stair_stop_restart_0.5,23999,32,32,0,64,32
stairs_down_06,stair_stop_restart_0.5,24499,32,32,0,64,32
stairs_down_06,stair_stop_reverse,19999,32,27,0,60,28
stairs_down_06,stair_stop_reverse,21999,32,32,0,64,32
stairs_down_06,stair_stop_reverse,rl_sar,32,28,0,60,32
stairs_down_06,stair_stop_reverse,23999,32,32,0,64,32
stairs_down_06,stair_stop_reverse,24499,32,32,0,64,32
stairs_down_06,stair_stop_yaw_-1,19999,32,0,0,60,28
stairs_down_06,stair_stop_yaw_-1,21999,32,0,0,58,32
stairs_down_06,stair_stop_yaw_-1,rl_sar,32,18,0,59,32
stairs_down_06,stair_stop_yaw_-1,23999,32,0,0,62,32
stairs_down_06,stair_stop_yaw_-1,24499,32,0,0,61,32
stairs_down_06,stair_stop_yaw_+1,19999,32,0,0,60,29
stairs_down_06,stair_stop_yaw_+1,21999,32,0,0,63,32
stairs_down_06,stair_stop_yaw_+1,rl_sar,32,0,0,62,32
stairs_down_06,stair_stop_yaw_+1,23999,32,1,0,60,32
stairs_down_06,stair_stop_yaw_+1,24499,32,0,0,58,32
stairs_up_12,traverse_0.3,19999,32,0,0,14,0
stairs_up_12,traverse_0.3,21999,32,0,0,4,0
stairs_up_12,traverse_0.3,rl_sar,32,0,1,2,0
stairs_up_12,traverse_0.3,23999,32,0,0,12,0
stairs_up_12,traverse_0.3,24499,32,0,0,7,0
stairs_up_12,traverse_0.5,19999,32,25,0,32,0
stairs_up_12,traverse_0.5,21999,32,25,0,32,0
stairs_up_12,traverse_0.5,rl_sar,32,4,0,31,0
stairs_up_12,traverse_0.5,23999,32,30,0,32,0
stairs_up_12,traverse_0.5,24499,32,19,0,32,0
stairs_up_12,traverse_0.7,19999,32,8,0,32,0
stairs_up_12,traverse_0.7,21999,32,22,0,32,0
stairs_up_12,traverse_0.7,rl_sar,32,0,0,30,0
stairs_up_12,traverse_0.7,23999,32,13,0,32,0
stairs_up_12,traverse_0.7,24499,32,8,0,32,0
stairs_up_12,backward_traverse,19999,32,2,0,27,0
stairs_up_12,backward_traverse,21999,32,0,0,32,0
stairs_up_12,backward_traverse,rl_sar,32,1,0,19,0
stairs_up_12,backward_traverse,23999,32,5,0,27,0
stairs_up_12,backward_traverse,24499,32,13,0,32,0
stairs_up_12,stair_stop_restart_0.3,19999,32,0,0,51,29
stairs_up_12,stair_stop_restart_0.3,21999,32,0,0,40,0
stairs_up_12,stair_stop_restart_0.3,rl_sar,32,0,0,5,1
stairs_up_12,stair_stop_restart_0.3,23999,32,0,0,42,23
stairs_up_12,stair_stop_restart_0.3,24499,32,0,0,26,0
stairs_up_12,stair_stop_restart_0.5,19999,32,21,0,62,30
stairs_up_12,stair_stop_restart_0.5,21999,32,4,0,38,6
stairs_up_12,stair_stop_restart_0.5,rl_sar,32,0,0,29,0
stairs_up_12,stair_stop_restart_0.5,23999,32,22,0,60,28
stairs_up_12,stair_stop_restart_0.5,24499,32,4,0,54,22
stairs_up_12,stair_stop_reverse,19999,32,2,0,61,29
stairs_up_12,stair_stop_reverse,21999,32,0,0,58,0
stairs_up_12,stair_stop_reverse,rl_sar,32,0,0,6,1
stairs_up_12,stair_stop_reverse,23999,32,0,0,64,23
stairs_up_12,stair_stop_reverse,24499,32,0,0,57,0
stairs_up_12,stair_stop_yaw_-1,19999,32,0,0,60,29
stairs_up_12,stair_stop_yaw_-1,21999,32,0,0,57,0
stairs_up_12,stair_stop_yaw_-1,rl_sar,32,0,0,14,1
stairs_up_12,stair_stop_yaw_-1,23999,32,0,0,45,23
stairs_up_12,stair_stop_yaw_-1,24499,32,0,0,48,0
stairs_up_12,stair_stop_yaw_+1,19999,32,0,0,63,31
stairs_up_12,stair_stop_yaw_+1,21999,32,0,0,61,0
stairs_up_12,stair_stop_yaw_+1,rl_sar,32,0,0,2,1
stairs_up_12,stair_stop_yaw_+1,23999,32,0,0,64,26
stairs_up_12,stair_stop_yaw_+1,24499,32,0,0,57,0
stairs_down_12,traverse_0.3,19999,32,21,0,32,0
stairs_down_12,traverse_0.3,21999,32,32,0,32,0
stairs_down_12,traverse_0.3,rl_sar,32,30,0,32,0
stairs_down_12,traverse_0.3,23999,32,32,0,32,0
stairs_down_12,traverse_0.3,24499,32,32,0,32,0
stairs_down_12,traverse_0.5,19999,32,32,0,32,0
stairs_down_12,traverse_0.5,21999,32,32,0,32,0
stairs_down_12,traverse_0.5,rl_sar,32,22,0,32,0
stairs_down_12,traverse_0.5,23999,32,32,0,32,0
stairs_down_12,traverse_0.5,24499,32,32,0,32,0
stairs_down_12,traverse_0.7,19999,32,32,0,32,0
stairs_down_12,traverse_0.7,21999,32,32,0,32,0
stairs_down_12,traverse_0.7,rl_sar,32,24,0,29,0
stairs_down_12,traverse_0.7,23999,32,32,0,32,0
stairs_down_12,traverse_0.7,24499,32,32,0,32,0
stairs_down_12,backward_traverse,19999,32,32,0,32,0
stairs_down_12,backward_traverse,21999,32,0,0,32,0
stairs_down_12,backward_traverse,rl_sar,32,0,0,5,0
stairs_down_12,backward_traverse,23999,32,28,0,32,0
stairs_down_12,backward_traverse,24499,32,0,0,32,0
stairs_down_12,stair_stop_restart_0.3,19999,32,3,0,63,32
stairs_down_12,stair_stop_restart_0.3,21999,32,30,0,64,32
stairs_down_12,stair_stop_restart_0.3,rl_sar,32,18,0,60,30
stairs_down_12,stair_stop_restart_0.3,23999,32,32,0,64,32
stairs_down_12,stair_stop_restart_0.3,24499,32,25,0,58,27
stairs_down_12,stair_stop_restart_0.5,19999,32,29,0,61,29
stairs_down_12,stair_stop_restart_0.5,21999,32,31,0,63,31
stairs_down_12,stair_stop_restart_0.5,rl_sar,32,20,0,58,26
stairs_down_12,stair_stop_restart_0.5,23999,32,31,0,63,31
stairs_down_12,stair_stop_restart_0.5,24499,32,30,0,62,30
stairs_down_12,stair_stop_reverse,19999,32,19,0,64,32
stairs_down_12,stair_stop_reverse,21999,32,0,0,64,32
stairs_down_12,stair_stop_reverse,rl_sar,32,22,0,55,30
stairs_down_12,stair_stop_reverse,23999,32,17,0,64,32
stairs_down_12,stair_stop_reverse,24499,32,25,0,59,27
stairs_down_12,stair_stop_yaw_-1,19999,32,0,0,64,32
stairs_down_12,stair_stop_yaw_-1,21999,32,0,0,64,32
stairs_down_12,stair_stop_yaw_-1,rl_sar,32,11,0,50,30
stairs_down_12,stair_stop_yaw_-1,23999,32,0,0,63,32
stairs_down_12,stair_stop_yaw_-1,24499,32,0,0,58,27
stairs_down_12,stair_stop_yaw_+1,19999,32,0,0,64,32
stairs_down_12,stair_stop_yaw_+1,21999,32,0,0,61,32
stairs_down_12,stair_stop_yaw_+1,rl_sar,32,0,0,43,25
stairs_down_12,stair_stop_yaw_+1,23999,32,0,0,50,32
stairs_down_12,stair_stop_yaw_+1,24499,32,0,0,47,27
stairs_up_18,traverse_0.3,19999,32,0,1,7,0
stairs_up_18,traverse_0.3,21999,32,0,0,32,0
stairs_up_18,traverse_0.3,rl_sar,32,0,3,3,0
stairs_up_18,traverse_0.3,23999,32,0,0,7,0
stairs_up_18,traverse_0.3,24499,32,0,0,18,0
stairs_up_18,traverse_0.5,19999,32,10,1,31,0
stairs_up_18,traverse_0.5,21999,32,12,3,29,0
stairs_up_18,traverse_0.5,rl_sar,32,0,4,24,0
stairs_up_18,traverse_0.5,23999,32,23,0,32,0
stairs_up_18,traverse_0.5,24499,32,23,0,32,0
stairs_up_18,traverse_0.7,19999,32,0,7,25,0
stairs_up_18,traverse_0.7,21999,32,2,2,30,0
stairs_up_18,traverse_0.7,rl_sar,32,1,6,24,0
stairs_up_18,traverse_0.7,23999,32,1,0,32,0
stairs_up_18,traverse_0.7,24499,32,0,2,30,0
stairs_up_18,backward_traverse,19999,32,0,0,32,0
stairs_up_18,backward_traverse,21999,32,0,0,32,0
stairs_up_18,backward_traverse,rl_sar,32,0,1,14,0
stairs_up_18,backward_traverse,23999,32,0,0,32,0
stairs_up_18,backward_traverse,24499,32,0,0,32,0
stairs_up_18,stair_stop_restart_0.3,19999,32,0,0,31,27
stairs_up_18,stair_stop_restart_0.3,21999,32,0,0,64,0
stairs_up_18,stair_stop_restart_0.3,rl_sar,32,0,1,4,1
stairs_up_18,stair_stop_restart_0.3,23999,32,0,0,9,0
stairs_up_18,stair_stop_restart_0.3,24499,32,0,0,23,0
stairs_up_18,stair_stop_restart_0.5,19999,32,10,3,49,20
stairs_up_18,stair_stop_restart_0.5,21999,32,0,6,22,0
stairs_up_18,stair_stop_restart_0.5,rl_sar,32,0,8,21,2
stairs_up_18,stair_stop_restart_0.5,23999,32,0,0,32,0
stairs_up_18,stair_stop_restart_0.5,24499,32,0,2,30,0
stairs_up_18,stair_stop_reverse,19999,32,17,0,59,27
stairs_up_18,stair_stop_reverse,21999,32,0,0,64,0
stairs_up_18,stair_stop_reverse,rl_sar,32,0,0,5,1
stairs_up_18,stair_stop_reverse,23999,32,0,0,32,0
stairs_up_18,stair_stop_reverse,24499,32,0,0,40,0
stairs_up_18,stair_stop_yaw_-1,19999,32,0,0,46,27
stairs_up_18,stair_stop_yaw_-1,21999,32,0,0,63,0
stairs_up_18,stair_stop_yaw_-1,rl_sar,32,0,6,13,1
stairs_up_18,stair_stop_yaw_-1,23999,32,0,0,29,0
stairs_up_18,stair_stop_yaw_-1,24499,32,0,0,37,0
stairs_up_18,stair_stop_yaw_+1,19999,32,0,0,55,25
stairs_up_18,stair_stop_yaw_+1,21999,32,0,0,59,0
stairs_up_18,stair_stop_yaw_+1,rl_sar,32,0,1,6,1
stairs_up_18,stair_stop_yaw_+1,23999,32,0,0,30,0
stairs_up_18,stair_stop_yaw_+1,24499,32,0,0,36,0
stairs_down_18,traverse_0.3,19999,32,13,0,31,0
stairs_down_18,traverse_0.3,21999,32,0,0,32,0
stairs_down_18,traverse_0.3,rl_sar,32,28,0,32,0
stairs_down_18,traverse_0.3,23999,32,0,0,32,0
stairs_down_18,traverse_0.3,24499,32,0,0,32,0
stairs_down_18,traverse_0.5,19999,32,32,0,32,0
stairs_down_18,traverse_0.5,21999,32,27,0,32,0
stairs_down_18,traverse_0.5,rl_sar,32,27,0,31,0
stairs_down_18,traverse_0.5,23999,32,32,0,32,0
stairs_down_18,traverse_0.5,24499,32,32,0,32,0
stairs_down_18,traverse_0.7,19999,32,27,0,32,0
stairs_down_18,traverse_0.7,21999,32,29,0,32,0
stairs_down_18,traverse_0.7,rl_sar,32,19,0,31,0
stairs_down_18,traverse_0.7,23999,32,31,0,32,0
stairs_down_18,traverse_0.7,24499,32,31,0,32,0
stairs_down_18,backward_traverse,19999,32,32,0,32,0
stairs_down_18,backward_traverse,21999,32,0,0,32,0
stairs_down_18,backward_traverse,rl_sar,32,0,3,4,0
stairs_down_18,backward_traverse,23999,32,0,0,32,0
stairs_down_18,backward_traverse,24499,32,0,0,32,0
stairs_down_18,stair_stop_restart_0.3,19999,32,3,0,48,29
stairs_down_18,stair_stop_restart_0.3,21999,32,0,0,32,0
stairs_down_18,stair_stop_restart_0.3,rl_sar,32,10,0,38,10
stairs_down_18,stair_stop_restart_0.3,23999,32,0,0,63,31
stairs_down_18,stair_stop_restart_0.3,24499,32,2,0,49,17
stairs_down_18,stair_stop_restart_0.5,19999,32,28,0,60,28
stairs_down_18,stair_stop_restart_0.5,21999,32,0,0,32,0
stairs_down_18,stair_stop_restart_0.5,rl_sar,32,12,0,44,13
stairs_down_18,stair_stop_restart_0.5,23999,32,28,0,60,28
stairs_down_18,stair_stop_restart_0.5,24499,32,26,0,58,26
stairs_down_18,stair_stop_reverse,19999,32,0,0,61,29
stairs_down_18,stair_stop_reverse,21999,32,0,0,24,0
stairs_down_18,stair_stop_reverse,rl_sar,32,0,5,18,10
stairs_down_18,stair_stop_reverse,23999,32,0,0,63,31
stairs_down_18,stair_stop_reverse,24499,32,1,0,49,17
stairs_down_18,stair_stop_yaw_-1,19999,32,0,0,60,29
stairs_down_18,stair_stop_yaw_-1,21999,32,0,0,32,0
stairs_down_18,stair_stop_yaw_-1,rl_sar,32,1,0,19,10
stairs_down_18,stair_stop_yaw_-1,23999,32,0,0,63,31
stairs_down_18,stair_stop_yaw_-1,24499,32,0,0,49,17
stairs_down_18,stair_stop_yaw_+1,19999,32,0,0,62,31
stairs_down_18,stair_stop_yaw_+1,21999,32,0,0,29,0
stairs_down_18,stair_stop_yaw_+1,rl_sar,32,0,1,23,11
stairs_down_18,stair_stop_yaw_+1,23999,32,0,0,58,31
stairs_down_18,stair_stop_yaw_+1,24499,32,0,0,38,17
