terrain,policy,joint,torque_rms_nm,torque_p99_bin_upper_nm,torque_peak_nm,torque_saturation_fraction,longest_saturation_s,speed_peak_rad_s,physical_target_slew_peak
flat,24499,FR_hip_joint,47.57250274242647,112.00000000000001,144.37307739257812,0.0,0.0,7.448509693145752,28.201765060424805
flat,24499,FR_thigh_joint,28.91834015514912,88.0,200.0,0.00022727272727272727,0.005,8.924262046813965,41.016807556152344
flat,24499,FR_calf_joint,56.84173570209534,140.8,320.0,0.0007954545454545455,0.03,18.408384323120117,60.794769287109375
flat,24499,FL_hip_joint,49.53523626610018,104.0,134.67361450195312,0.0,0.0,7.671276092529297,24.869380950927734
flat,24499,FL_thigh_joint,27.331270333087957,88.0,188.86778259277344,0.0,0.0,8.359386444091797,30.72022247314453
flat,24499,FL_calf_joint,59.07369856781541,150.39999999999998,320.0,0.00045454545454545455,0.005,15.775009155273438,56.02958679199219
flat,24499,RR_hip_joint,48.909867506428625,108.0,155.9344940185547,0.0,0.0,7.214201927185059,27.05714988708496
flat,24499,RR_thigh_joint,16.380149982382715,46.0,108.55226135253906,0.0,0.0,8.821001052856445,21.699417114257812
flat,24499,RR_calf_joint,63.00989837398415,144.0,320.0,0.00045454545454545455,0.01,16.17620086669922,51.88254165649414
flat,24499,RL_hip_joint,52.08075295390122,120.0,157.94093322753906,0.0,0.0,5.8896918296813965,25.054943084716797
flat,24499,RL_thigh_joint,13.228700856346004,40.0,91.9415054321289,0.0,0.0,8.151946067810059,22.683502197265625
flat,24499,RL_calf_joint,58.74917056547798,150.39999999999998,261.578125,0.0,0.0,14.658513069152832,45.80760192871094
flat,24499,FR_foot_joint,8.790649645942166,20.2,20.0,0.047386363636363636,0.16,31.834243774414062,821.1900634765625
flat,24499,FL_foot_joint,8.47194230085166,20.2,20.0,0.051704545454545454,0.145,37.84508514404297,1014.8607177734375
flat,24499,RR_foot_joint,6.949122631340545,20.0,20.0,0.015113636363636364,0.14,30.92061996459961,1010.2559814453125
flat,24499,RL_foot_joint,6.474470277349537,18.799999999999997,20.0,0.009545454545454546,0.06,29.219852447509766,713.516845703125
flat,25000,FR_hip_joint,49.67690734241229,118.0,154.5376434326172,0.0,0.0,8.411209106445312,27.488750457763672
flat,25000,FR_thigh_joint,30.49499437426759,94.0,200.0,0.00034090909090909094,0.01,10.793778419494629,35.151126861572266
flat,25000,FR_calf_joint,56.82557001100132,137.6,320.0,0.0005681818181818182,0.01,17.410425186157227,54.208396911621094
flat,25000,FL_hip_joint,52.809857021844614,110.00000000000001,137.33688354492188,0.0,0.0,7.910979270935059,26.37295150756836
flat,25000,FL_thigh_joint,24.604821994177946,78.0,200.0,0.0011363636363636363,0.04,8.677297592163086,38.37590408325195
flat,25000,FL_calf_joint,58.61421119775047,147.20000000000002,296.7587890625,0.0,0.0,15.750312805175781,54.48439025878906
flat,25000,RR_hip_joint,49.53285380669301,108.0,148.89321899414062,0.0,0.0,6.827877998352051,27.52132797241211
flat,25000,RR_thigh_joint,14.793399848294795,42.0,100.14425659179688,0.0,0.0,8.485457420349121,19.360336303710938
flat,25000,RR_calf_joint,61.89535051465708,140.8,320.0,0.00034090909090909094,0.005,15.261756896972656,52.01081466674805
flat,25000,RL_hip_joint,52.34879246425426,126.0,150.05435180664062,0.0,0.0,6.157901763916016,29.617998123168945
flat,25000,RL_thigh_joint,13.748558766094161,42.0,93.3601303100586,0.0,0.0,8.833260536193848,21.42880630493164
flat,25000,RL_calf_joint,59.2117922744137,147.20000000000002,261.718505859375,0.0,0.0,14.707269668579102,38.62255096435547
flat,25000,FR_foot_joint,8.763775465629953,20.2,20.0,0.044204545454545455,0.125,29.171119689941406,837.7343139648438
flat,25000,FL_foot_joint,8.727490706157615,20.2,20.0,0.04681818181818182,0.18,40.501197814941406,980.92919921875
flat,25000,RR_foot_joint,6.4737268906762075,18.799999999999997,20.0,0.009318181818181817,0.075,28.49274253845215,863.093017578125
flat,25000,RL_foot_joint,6.442637346669011,18.2,20.0,0.007727272727272728,0.095,27.081317901611328,706.2893676757812
rough_04,24499,FR_hip_joint,48.086597980582866,112.00000000000001,154.25843811035156,0.0,0.0,8.22476577758789,27.76372718811035
rough_04,24499,FR_thigh_joint,32.037178792131385,115.99999999999999,200.0,0.0018181818181818182,0.04,10.18248462677002,36.14408874511719
rough_04,24499,FR_calf_joint,58.977097142335715,156.8,311.172119140625,0.00011363636363636364,0.005,19.52621078491211,65.61024475097656
rough_04,24499,FL_hip_joint,48.4703865198756,106.0,144.21298217773438,0.0,0.0,11.114212036132812,28.68785285949707
rough_04,24499,FL_thigh_joint,29.1929772901073,92.0,200.0,0.0006818181818181819,0.02,11.262197494506836,41.58917999267578
rough_04,24499,FL_calf_joint,61.44339218939456,144.0,320.0,0.0007954545454545455,0.025,20.143827438354492,57.27091979980469
rough_04,24499,RR_hip_joint,50.89652199830507,106.0,145.5090789794922,0.0,0.0,8.982226371765137,29.15220832824707
rough_04,24499,RR_thigh_joint,19.448194114055973,54.0,96.3800277709961,0.0,0.0,12.162470817565918,20.830055236816406
rough_04,24499,RR_calf_joint,66.43875480905022,153.6,320.0,0.0005681818181818182,0.015,18.447433471679688,55.24488830566406
rough_04,24499,RL_hip_joint,52.3882015130288,120.0,176.56529235839844,0.0,0.0,8.758475303649902,27.058046340942383
rough_04,24499,RL_thigh_joint,14.989259644945735,44.0,90.79182434082031,0.0,0.0,10.100946426391602,20.62177085876465
rough_04,24499,RL_calf_joint,59.79539097587695,147.20000000000002,267.3444519042969,0.0,0.0,16.892187118530273,41.164241790771484
rough_04,24499,FR_foot_joint,8.279348145764287,20.2,20.0,0.05136363636363636,0.25,38.036949157714844,1024.97314453125
rough_04,24499,FL_foot_joint,7.948648857605564,20.2,20.0,0.05045454545454545,0.35000000000000003,39.94141387939453,958.8689575195312
rough_04,24499,RR_foot_joint,7.1213371509330665,20.2,20.0,0.028181818181818183,0.20500000000000002,34.33771514892578,879.5047607421875
rough_04,24499,RL_foot_joint,6.625311194555348,20.2,20.0,0.020113636363636365,0.20500000000000002,35.24006652832031,800.6511840820312
rough_04,25000,FR_hip_joint,49.39952215391237,113.99999999999999,148.660888671875,0.0,0.0,8.482390403747559,31.955921173095703
rough_04,25000,FR_thigh_joint,32.88774669214117,120.0,200.0,0.0009090909090909091,0.035,10.648478507995605,41.344398498535156
rough_04,25000,FR_calf_joint,59.863172471312424,147.20000000000002,320.0,0.0006818181818181819,0.025,19.316162109375,56.65549087524414
rough_04,25000,FL_hip_joint,53.11490729590418,108.0,135.93206787109375,0.0,0.0,9.132990837097168,26.8739070892334
rough_04,25000,FL_thigh_joint,26.958521938481297,86.0,200.0,0.0005681818181818182,0.02,12.014202117919922,41.80615997314453
rough_04,25000,FL_calf_joint,61.46358304496893,140.8,320.0,0.0007954545454545455,0.035,20.97842025756836,57.56276321411133
rough_04,25000,RR_hip_joint,49.897641898658804,108.0,155.504150390625,0.0,0.0,9.569706916809082,26.209821701049805
rough_04,25000,RR_thigh_joint,16.680723377154756,52.0,111.09890747070312,0.0,0.0,13.378334045410156,19.821088790893555
rough_04,25000,RR_calf_joint,66.51399663211497,147.20000000000002,277.6610107421875,0.0,0.0,22.796493530273438,56.26294708251953
rough_04,25000,RL_hip_joint,52.083510275527004,126.0,166.8984832763672,0.0,0.0,7.63300895690918,31.107690811157227
rough_04,25000,RL_thigh_joint,15.468252785782337,46.0,93.98179626464844,0.0,0.0,10.490756034851074,21.854999542236328
rough_04,25000,RL_calf_joint,62.48016078067934,147.20000000000002,300.112548828125,0.0,0.0,17.84883689880371,41.81410217285156
rough_04,25000,FR_foot_joint,8.63092812661824,20.2,20.0,0.05045454545454545,0.29,40.35894775390625,905.446044921875
rough_04,25000,FL_foot_joint,7.9409413739252805,20.2,20.0,0.04386363636363636,0.3,37.63753890991211,1067.84033203125
rough_04,25000,RR_foot_joint,6.792085035859292,20.2,20.0,0.02056818181818182,0.24,31.300037384033203,893.0904541015625
rough_04,25000,RL_foot_joint,6.6181429493237305,20.2,20.0,0.016704545454545455,0.17500000000000002,31.14331817626953,951.4489135742188
boxes_10,24499,FR_hip_joint,67.99785060582519,134.0,200.0,0.0009090909090909091,0.04,23.350587844848633,33.16201400756836
boxes_10,24499,FR_thigh_joint,74.32061845518652,202.0,200.0,0.0740909090909091,0.435,19.013883590698242,136.6125946044922
boxes_10,24499,FR_calf_joint,105.73657395401007,323.2,320.0,0.015276893698281349,0.16,31.19756507873535,102.08207702636719
boxes_10,24499,FL_hip_joint,59.695318502502694,124.0,199.30535888671875,0.00045454545454545455,0.02,23.00641441345215,29.983747482299805
boxes_10,24499,FL_thigh_joint,87.26955817821488,202.0,200.0,0.05988636363636363,2.605,23.56049346923828,165.51490783691406
boxes_10,24499,FL_calf_joint,73.88898119599668,291.2,320.0,0.008068181818181818,0.275,29.02655792236328,108.53612518310547
boxes_10,24499,RR_hip_joint,67.26348167721521,132.0,190.5956268310547,0.00011363636363636364,0.005,21.29796600341797,37.58492660522461
boxes_10,24499,RR_thigh_joint,74.13329566716648,148.0,200.0,0.0013636363636363637,0.04,17.823495864868164,51.95188522338867
boxes_10,24499,RR_calf_joint,161.34189312775803,300.79999999999995,320.0,0.006136363636363636,0.065,35.58361053466797,140.2208709716797
boxes_10,24499,RL_hip_joint,72.49561266254582,148.0,200.0,0.00022727272727272727,0.01,22.992496490478516,44.631160736083984
boxes_10,24499,RL_thigh_joint,41.77793751405176,118.0,200.0,0.0005681818181818182,0.02,21.69754981994629,60.125125885009766
boxes_10,24499,RL_calf_joint,106.06239280929805,310.4,320.0,0.011704545454545455,0.305,28.246179580688477,110.38545227050781
boxes_10,24499,FR_foot_joint,15.313123395074186,20.2,20.0,0.5307954545454545,22.67,50.576385498046875,1413.27978515625
boxes_10,24499,FL_foot_joint,14.412564958562012,20.2,20.0,0.4671590909090909,20.25,50.127830505371094,1498.3900146484375
boxes_10,24499,RR_foot_joint,18.352026425774074,20.2,20.0,0.8228409090909091,26.565,46.27092742919922,1488.9842529296875
boxes_10,24499,RL_foot_joint,15.756040971409567,20.2,20.0,0.4678409090909091,14.19,64.49652099609375,1670.518310546875
boxes_10,25000,FR_hip_joint,74.35171880045787,142.0,200.0,0.0006818181818181819,0.02,22.129085540771484,31.56035614013672
boxes_10,25000,FR_thigh_joint,94.44596164528119,202.0,200.0,0.09568181818181819,0.49,18.503480911254883,76.01927947998047
boxes_10,25000,FR_calf_joint,80.63284259256525,259.20000000000005,320.0,0.00375,0.14,26.319782257080078,108.1981201171875
boxes_10,25000,FL_hip_joint,71.42081300642909,138.0,200.0,0.0014772727272727272,0.04,23.828645706176758,49.3730354309082
boxes_10,25000,FL_thigh_joint,71.72224994089314,202.0,200.0,0.018636363636363635,0.4,27.868328094482422,123.52835845947266
boxes_10,25000,FL_calf_joint,90.98384601435849,243.2,320.0,0.0027272727272727275,0.12,27.882095336914062,120.52561950683594
boxes_10,25000,RR_hip_joint,85.35719403418906,134.0,200.0,0.0014772727272727272,0.02,20.939823150634766,31.887584686279297
boxes_10,25000,RR_thigh_joint,61.417274083047815,148.0,200.0,0.00034090909090909094,0.015,17.23807144165039,54.8809928894043
boxes_10,25000,RR_calf_joint,101.92133006121625,252.8,320.0,0.003181818181818182,0.125,27.806838989257812,128.36749267578125
boxes_10,25000,RL_hip_joint,69.69370343367521,142.0,200.0,0.00045454545454545455,0.01,22.99806785583496,33.72462844848633
boxes_10,25000,RL_thigh_joint,52.90366498463168,156.0,200.0,0.004807692307692308,0.06,23.341678619384766,52.85906982421875
boxes_10,25000,RL_calf_joint,91.7037367137385,275.2,320.0,0.00628698224852071,0.18,26.696372985839844,143.99493408203125
boxes_10,25000,FR_foot_joint,15.650854783112393,20.2,20.0,0.5763636363636364,20.75,60.284454345703125,1560.8709716796875
boxes_10,25000,FL_foot_joint,15.281533393073232,20.2,20.0,0.5531818181818182,21.265,66.26696014404297,1886.4566650390625
boxes_10,25000,RR_foot_joint,12.07174550750412,20.2,20.0,0.2806818181818182,8.575000000000001,45.892364501953125,1466.887939453125
boxes_10,25000,RL_foot_joint,15.593087884488098,20.2,20.0,0.5994318181818182,24.865000000000002,45.859500885009766,1560.25390625
slope_up_10,24499,FR_hip_joint,50.69297385497809,115.99999999999999,148.31851196289062,0.0,0.0,7.727853775024414,28.20598793029785
slope_up_10,24499,FR_thigh_joint,26.394186422011643,88.0,198.21649169921875,0.00011363636363636364,0.005,9.69137954711914,32.773868560791016
slope_up_10,24499,FR_calf_joint,57.00314085331312,140.8,320.0,0.00022727272727272727,0.005,20.594627380371094,60.49256134033203
slope_up_10,24499,FL_hip_joint,52.195336317540885,113.99999999999999,144.53515625,0.0,0.0,7.824354648590088,27.558263778686523
slope_up_10,24499,FL_thigh_joint,27.967569213858475,92.0,200.0,0.00034090909090909094,0.01,8.64455509185791,34.46358871459961
slope_up_10,24499,FL_calf_joint,60.952626178404024,153.6,320.0,0.00011363636363636364,0.005,17.36343002319336,55.10685348510742
slope_up_10,24499,RR_hip_joint,52.380996836980465,106.0,150.66415405273438,0.0,0.0,9.35013198852539,25.11087417602539
slope_up_10,24499,RR_thigh_joint,30.31475159681309,60.0,105.89098358154297,0.0,0.0,12.310364723205566,23.724184036254883
slope_up_10,24499,RR_calf_joint,89.44285316088698,172.8,320.0,0.0006818181818181819,0.015,23.143192291259766,60.429710388183594
slope_up_10,24499,RL_hip_joint,50.1949083729816,110.00000000000001,143.4856414794922,0.0,0.0,6.8523736000061035,24.716753005981445
slope_up_10,24499,RL_thigh_joint,21.86743174251416,54.0,106.34481811523438,0.0,0.0,11.702234268188477,20.573564529418945
slope_up_10,24499,RL_calf_joint,69.87224334775287,192.0,311.0339660644531,0.00011363636363636364,0.005,20.48678207397461,53.124351501464844
slope_up_10,24499,FR_foot_joint,8.90902155786572,20.2,20.0,0.07784090909090909,0.28,33.268280029296875,854.1275024414062
slope_up_10,24499,FL_foot_joint,9.56225499342643,20.2,20.0,0.09011363636363637,0.32,40.166221618652344,997.3556518554688
slope_up_10,24499,RR_foot_joint,12.665491959741672,20.2,20.0,0.1665909090909091,0.445,39.79602813720703,1102.908935546875
slope_up_10,24499,RL_foot_joint,10.26626198405508,20.2,20.0,0.07136363636363637,0.26,31.751007080078125,784.5767211914062
slope_up_10,25000,FR_hip_joint,50.617935307531866,122.0,148.63731384277344,0.0,0.0,8.47730827331543,30.56398582458496
slope_up_10,25000,FR_thigh_joint,27.321728952540003,82.0,200.0,0.00034090909090909094,0.01,10.0546875,37.78200912475586
slope_up_10,25000,FR_calf_joint,59.019760344357756,144.0,320.0,0.00022727272727272727,0.005,21.49927520751953,59.80079650878906
slope_up_10,25000,FL_hip_joint,54.624989139130015,115.99999999999999,141.64036560058594,0.0,0.0,7.90194034576416,24.125953674316406
slope_up_10,25000,FL_thigh_joint,27.057274510454853,86.0,173.182861328125,0.0,0.0,9.5343656539917,36.72859573364258
slope_up_10,25000,FL_calf_joint,59.259991771537834,163.2,292.22052001953125,0.0,0.0,18.98427963256836,63.11276626586914
slope_up_10,25000,RR_hip_joint,52.78439843686951,110.00000000000001,146.60841369628906,0.0,0.0,7.89866828918457,25.729740142822266
slope_up_10,25000,RR_thigh_joint,29.445875116657568,57.99999999999999,104.35855865478516,0.0,0.0,12.854268074035645,23.375904083251953
slope_up_10,25000,RR_calf_joint,84.73297679017023,172.8,320.0,0.00034090909090909094,0.015,21.894548416137695,62.39203643798828
slope_up_10,25000,RL_hip_joint,50.671635956705636,113.99999999999999,144.95184326171875,0.0,0.0,7.995362758636475,23.97684097290039
slope_up_10,25000,RL_thigh_joint,24.67531434764144,54.0,104.30354309082031,0.0,0.0,12.653589248657227,21.7341365814209
slope_up_10,25000,RL_calf_joint,70.93786599205846,188.79999999999998,320.0,0.0005681818181818182,0.015,21.832839965820312,66.71956634521484
slope_up_10,25000,FR_foot_joint,9.283952775869547,20.2,20.0,0.08011363636363636,0.275,34.6842041015625,924.9176025390625
slope_up_10,25000,FL_foot_joint,9.52363904656838,20.2,20.0,0.0925,0.49,40.704044342041016,1027.130126953125
slope_up_10,25000,RR_foot_joint,11.747006928098084,20.2,20.0,0.13090909090909092,0.37,39.248714447021484,1052.55517578125
slope_up_10,25000,RL_foot_joint,10.727724285433021,20.2,20.0,0.08079545454545455,0.26,34.68050765991211,804.9609985351562
slope_down_10,24499,FR_hip_joint,47.08928212346045,104.0,142.525634765625,0.0,0.0,7.447967529296875,28.34722900390625
slope_down_10,24499,FR_thigh_joint,43.33892036331451,138.0,200.0,0.00034090909090909094,0.015,9.2730073928833,41.715972900390625
slope_down_10,24499,FR_calf_joint,57.64142094367031,144.0,320.0,0.00011363636363636364,0.005,21.28940200805664,49.983642578125
slope_down_10,24499,FL_hip_joint,46.86585301190072,94.0,127.96780395507812,0.0,0.0,7.975053310394287,26.567289352416992
slope_down_10,24499,FL_thigh_joint,46.89523256105105,130.0,200.0,0.0009090909090909091,0.04,10.06421947479248,49.9362678527832
slope_down_10,24499,FL_calf_joint,58.88464205439371,160.0,320.0,0.0007954545454545455,0.03,22.09414291381836,68.80162048339844
slope_down_10,24499,RR_hip_joint,44.41874371577608,106.0,139.91232299804688,0.0,0.0,6.868700981140137,27.12894058227539
slope_down_10,24499,RR_thigh_joint,19.193405732595703,50.0,103.63639068603516,0.0,0.0,10.931151390075684,20.5711669921875
slope_down_10,24499,RR_calf_joint,64.51103660631183,144.0,320.0,0.00034090909090909094,0.01,18.261672973632812,62.67584991455078
slope_down_10,24499,RL_hip_joint,48.65618954949831,124.0,173.79559326171875,0.0,0.0,8.502555847167969,28.158315658569336
slope_down_10,24499,RL_thigh_joint,16.42320134911678,46.0,90.85453033447266,0.0,0.0,9.283137321472168,17.578706741333008
slope_down_10,24499,RL_calf_joint,59.40015202212144,150.39999999999998,274.1855773925781,0.0,0.0,15.123332977294922,47.042301177978516
slope_down_10,24499,FR_foot_joint,10.401113474835132,20.2,20.0,0.13340909090909092,0.51,46.93114471435547,897.9482421875
slope_down_10,24499,FL_foot_joint,12.4065285460784,20.2,20.0,0.22545454545454546,0.62,41.020484924316406,1029.8096923828125
slope_down_10,24499,RR_foot_joint,7.717329075939165,20.2,20.0,0.054886363636363636,0.325,31.25094985961914,926.3646240234375
slope_down_10,24499,RL_foot_joint,8.29128279311337,20.2,20.0,0.050227272727272725,0.215,34.524131774902344,838.19189453125
slope_down_10,25000,FR_hip_joint,46.82221556820717,102.0,140.63018798828125,0.0,0.0,8.867465019226074,28.492441177368164
slope_down_10,25000,FR_thigh_joint,44.956118261151296,140.0,200.0,0.0006818181818181819,0.025,10.208109855651855,42.39702224731445
slope_down_10,25000,FR_calf_joint,60.087256256533905,140.8,320.0,0.0006818181818181819,0.015,21.21512794494629,61.19105911254883
slope_down_10,25000,FL_hip_joint,51.19394405962255,96.0,124.49238586425781,0.0,0.0,10.025671005249023,28.123634338378906
slope_down_10,25000,FL_thigh_joint,47.84331789423636,120.0,200.0,0.0010227272727272728,0.04,9.902228355407715,57.35847473144531
slope_down_10,25000,FL_calf_joint,58.98986009856438,150.39999999999998,320.0,0.0009090909090909091,0.04,21.691499710083008,62.928592681884766
slope_down_10,25000,RR_hip_joint,50.534845555716046,104.0,139.23098754882812,0.0,0.0,6.534617900848389,25.911230087280273
slope_down_10,25000,RR_thigh_joint,17.989575448492918,46.0,109.87804412841797,0.0,0.0,10.543330192565918,18.679916381835938
slope_down_10,25000,RR_calf_joint,60.910194586379525,144.0,320.0,0.00022727272727272727,0.005,18.323707580566406,52.89119338989258
slope_down_10,25000,RL_hip_joint,47.35247922295098,126.0,184.37916564941406,0.0,0.0,7.878362655639648,29.392433166503906
slope_down_10,25000,RL_thigh_joint,16.995574307748868,46.0,106.3228759765625,0.0,0.0,9.540483474731445,23.48550033569336
slope_down_10,25000,RL_calf_joint,59.923758114349276,147.20000000000002,320.0,0.0009090909090909091,0.04,15.711063385009766,50.21282958984375
slope_down_10,25000,FR_foot_joint,10.090869190187297,20.2,20.0,0.11772727272727272,0.455,40.43596267700195,916.3362426757812
slope_down_10,25000,FL_foot_joint,12.175809663664069,20.2,20.0,0.21431818181818182,0.615,38.23594284057617,1019.7734985351562
slope_down_10,25000,RR_foot_joint,7.985977464966019,20.2,20.0,0.04375,0.26,35.745262145996094,892.5089721679688
slope_down_10,25000,RL_foot_joint,8.51850061844117,20.2,20.0,0.03920454545454546,0.265,31.598487854003906,860.7947998046875
stairs_up_06,24499,FR_hip_joint,30.03543733276844,76.0,107.88389587402344,0.0,0.0,3.5329346656799316,15.459611892700195
stairs_up_06,24499,FR_thigh_joint,27.10056279093521,128.0,200.0,0.001176470588235294,0.035,8.872361183166504,41.4284553527832
stairs_up_06,24499,FR_calf_joint,46.31714955066778,108.80000000000001,315.9171447753906,0.0002702702702702703,0.005,13.836954116821289,46.9442253112793
stairs_up_06,24499,FL_hip_joint,30.53803735141603,62.0,88.15045928955078,0.0,0.0,3.685716390609741,10.85790729522705
stairs_up_06,24499,FL_thigh_joint,26.762456226528784,94.0,200.0,0.002352941176470588,0.03,9.355791091918945,53.77589416503906
stairs_up_06,24499,FL_calf_joint,55.901028636178175,115.19999999999999,261.9447021484375,0.0,0.0,13.898957252502441,66.99362182617188
stairs_up_06,24499,RR_hip_joint,31.9691501816193,60.0,87.48705291748047,0.0,0.0,4.811821460723877,14.448982238769531
stairs_up_06,24499,RR_thigh_joint,27.992940988415114,74.0,107.06478881835938,0.0,0.0,10.675025939941406,20.264774322509766
stairs_up_06,24499,RR_calf_joint,84.121640653375,156.8,320.0,0.00014705882352941175,0.005,18.559410095214844,51.18092346191406
stairs_up_06,24499,RL_hip_joint,35.030290897143836,62.0,80.63679504394531,0.0,0.0,3.044348955154419,12.780755996704102
stairs_up_06,24499,RL_thigh_joint,21.941656242987182,72.0,126.38324737548828,0.0,0.0,9.484098434448242,18.87748908996582
stairs_up_06,24499,RL_calf_joint,64.29207961159008,153.6,320.0,0.0004411764705882353,0.01,16.638059616088867,49.950035095214844
stairs_up_06,24499,FR_foot_joint,9.429406445110313,20.2,20.0,0.17323529411764707,0.74,39.659889221191406,894.7012939453125
stairs_up_06,24499,FL_foot_joint,10.3204593082158,20.2,20.0,0.21088235294117647,0.93,40.49334716796875,894.2611694335938
stairs_up_06,24499,RR_foot_joint,12.263777476986412,20.2,20.0,0.32875,11.23,55.35955810546875,894.9542846679688
stairs_up_06,24499,RL_foot_joint,11.127252355318616,20.2,20.0,0.18306818181818182,1.47,38.887718200683594,758.5990600585938
stairs_up_06,25000,FR_hip_joint,33.16870775131897,62.0,88.72449493408203,0.0,0.0,3.192244529724121,11.640506744384766
stairs_up_06,25000,FR_thigh_joint,24.803853977089172,106.0,200.0,0.0013235294117647058,0.015,7.982111930847168,46.31514358520508
stairs_up_06,25000,FR_calf_joint,48.33889083923245,112.0,199.788330078125,0.0,0.0,12.966815948486328,33.07029724121094
stairs_up_06,25000,FL_hip_joint,28.94387690856561,62.0,91.28648376464844,0.0,0.0,4.404278755187988,14.58713150024414
stairs_up_06,25000,FL_thigh_joint,29.316333917965917,84.0,200.0,0.0010294117647058824,0.03,8.267778396606445,44.6021614074707
stairs_up_06,25000,FL_calf_joint,55.19074130473484,118.4,247.71658325195312,0.0,0.0,13.574031829833984,35.47404861450195
stairs_up_06,25000,RR_hip_joint,29.016434874828775,54.0,85.87775421142578,0.0,0.0,2.7907724380493164,11.717020034790039
stairs_up_06,25000,RR_thigh_joint,27.8062049489489,80.0,120.58576202392578,0.0,0.0,11.114645957946777,18.87533950805664
stairs_up_06,25000,RR_calf_joint,80.8008524301557,160.0,320.0,0.00014705882352941175,0.005,16.08212661743164,50.72541046142578
stairs_up_06,25000,RL_hip_joint,29.369687116619,62.0,79.25415802001953,0.0,0.0,3.77655291557312,11.000864028930664
stairs_up_06,25000,RL_thigh_joint,25.908793171641914,70.0,127.42101287841797,0.0,0.0,9.137439727783203,19.321990966796875
stairs_up_06,25000,RL_calf_joint,66.88180621926391,163.2,320.0,0.000588235294117647,0.015,18.024948120117188,59.38038635253906
stairs_up_06,25000,FR_foot_joint,9.963901351882367,20.2,20.0,0.2025,0.715,42.4583625793457,800.4094848632812
stairs_up_06,25000,FL_foot_joint,10.665556743956953,20.2,20.0,0.22367647058823528,2.045,43.038963317871094,845.505126953125
stairs_up_06,25000,RR_foot_joint,14.754644694030487,20.2,20.0,0.3194318181818182,11.465,46.224945068359375,911.582763671875
stairs_up_06,25000,RL_foot_joint,11.071259899321507,20.2,20.0,0.15235294117647058,0.865,37.84551239013672,790.8350830078125
stairs_down_06,24499,FR_hip_joint,35.146702473611306,68.0,87.47762298583984,0.0,0.0,5.356990814208984,21.09485626220703
stairs_down_06,24499,FR_thigh_joint,37.89133878671806,72.0,181.89825439453125,0.0,0.0,8.372090339660645,30.663732528686523
stairs_down_06,24499,FR_calf_joint,49.29191092144332,92.8,293.93359375,0.0,0.0,15.450439453125,50.95273208618164
stairs_down_06,24499,FL_hip_joint,33.78336121305993,62.0,84.25861358642578,0.0,0.0,4.8249993324279785,10.380701065063477
stairs_down_06,24499,FL_thigh_joint,40.977812320333754,76.0,200.0,0.000641025641025641,0.01,7.769147872924805,33.55087661743164
stairs_down_06,24499,FL_calf_joint,51.445321409954886,99.2,157.52487182617188,0.0,0.0,10.505184173583984,27.8106689453125
stairs_down_06,24499,RR_hip_joint,35.72252647577462,68.0,89.85580444335938,0.0,0.0,6.554567337036133,15.159958839416504
stairs_down_06,24499,RR_thigh_joint,15.648899945961803,44.0,74.57969665527344,0.0,0.0,7.780101776123047,10.996734619140625
stairs_down_06,24499,RR_calf_joint,51.863486881224574,105.60000000000001,320.0,0.0004054054054054054,0.005,14.001405715942383,61.50397491455078
stairs_down_06,24499,RL_hip_joint,30.851564446574745,62.0,81.82282257080078,0.0,0.0,2.6667497158050537,12.281821250915527
stairs_down_06,24499,RL_thigh_joint,14.625785996800412,40.0,82.44794464111328,0.0,0.0,6.804749011993408,12.47859001159668
stairs_down_06,24499,RL_calf_joint,42.67971510776192,99.2,166.139404296875,0.0,0.0,10.541701316833496,29.377981185913086
stairs_down_06,24499,FR_foot_joint,9.474130296430356,20.2,20.0,0.10405405405405406,3.84,33.773075103759766,695.0220336914062
stairs_down_06,24499,FL_foot_joint,10.305502291389205,20.2,20.0,0.08409090909090909,3.44,32.39716720581055,744.2667236328125
stairs_down_06,24499,RR_foot_joint,7.992652514300727,20.2,20.0,0.03054054054054054,0.6950000000000001,23.315690994262695,635.2259521484375
stairs_down_06,24499,RL_foot_joint,6.293833888677223,17.8,20.0,0.002837837837837838,0.09,23.291446685791016,541.5889892578125
stairs_down_06,25000,FR_hip_joint,34.543690428706434,64.0,94.04656219482422,0.0,0.0,5.498200416564941,9.332895278930664
stairs_down_06,25000,FR_thigh_joint,36.78599326863143,74.0,200.0,0.0003846153846153846,0.015,8.56059455871582,31.693893432617188
stairs_down_06,25000,FR_calf_joint,52.11942338424928,102.4,182.8592529296875,0.0,0.0,13.617097854614258,51.927860260009766
stairs_down_06,25000,FL_hip_joint,31.471421457878037,64.0,83.4491958618164,0.0,0.0,3.456906318664551,8.415513038635254
stairs_down_06,25000,FL_thigh_joint,43.39771227377908,86.0,200.0,0.001282051282051282,0.035,8.039885520935059,52.7982292175293
stairs_down_06,25000,FL_calf_joint,56.649286119641964,99.2,190.607421875,0.0,0.0,12.772482872009277,29.72358512878418
stairs_down_06,25000,RR_hip_joint,37.010029606103636,70.0,71.49411010742188,0.0,0.0,3.8733749389648438,11.738418579101562
stairs_down_06,25000,RR_thigh_joint,18.199804967341453,40.0,74.52082061767578,0.0,0.0,5.594761371612549,10.510417938232422
stairs_down_06,25000,RR_calf_joint,49.851944081870016,96.0,141.29571533203125,0.0,0.0,10.461606979370117,20.741119384765625
stairs_down_06,25000,RL_hip_joint,31.491895151272796,62.0,81.74414825439453,0.0,0.0,3.301084518432617,12.062443733215332
stairs_down_06,25000,RL_thigh_joint,16.274435461337866,38.0,78.14933776855469,0.0,0.0,6.653448104858398,13.054525375366211
stairs_down_06,25000,RL_calf_joint,43.13767916426702,89.60000000000001,144.05929565429688,0.0,0.0,10.954181671142578,24.06253433227539
stairs_down_06,25000,FR_foot_joint,11.532503489167235,20.2,20.0,0.041025641025641026,0.5750000000000001,31.85866355895996,746.3303833007812
stairs_down_06,25000,FL_foot_joint,7.6577564750632865,20.2,20.0,0.03769230769230769,0.61,30.965524673461914,739.0702514648438
stairs_down_06,25000,RR_foot_joint,6.093576127516639,18.2,20.0,0.008378378378378378,0.16,23.46153450012207,650.66455078125
stairs_down_06,25000,RL_foot_joint,6.158939577315827,15.4,20.0,0.0009459459459459459,0.015,21.828073501586914,576.2814331054688
stairs_up_12,24499,FR_hip_joint,30.085187715089944,70.0,119.6280288696289,0.0,0.0,4.919793605804443,16.834863662719727
stairs_up_12,24499,FR_thigh_joint,58.37135554252678,194.0,200.0,0.011470588235294118,0.1,12.901223182678223,60.7879753112793
stairs_up_12,24499,FR_calf_joint,50.17667090607101,150.39999999999998,320.0,0.0002941176470588235,0.005,20.25430679321289,65.0873031616211
stairs_up_12,24499,FL_hip_joint,32.97666173593176,82.0,135.15354919433594,0.0,0.0,4.450654029846191,21.48556137084961
stairs_up_12,24499,FL_thigh_joint,49.16104166953638,182.0,200.0,0.007647058823529412,0.14,12.813502311706543,85.08842468261719
stairs_up_12,24499,FL_calf_joint,48.3006676732345,156.8,320.0,0.0002941176470588235,0.01,16.789077758789062,64.5025634765625
stairs_up_12,24499,RR_hip_joint,30.103420985267995,70.0,121.52213287353516,0.0,0.0,5.382812023162842,15.135632514953613
stairs_up_12,24499,RR_thigh_joint,54.78067069009339,100.0,160.86741638183594,0.0,0.0,11.793619155883789,27.22882080078125
stairs_up_12,24499,RR_calf_joint,89.34652087980915,195.2,320.0,0.0004411764705882353,0.005,17.840211868286133,57.60536193847656
stairs_up_12,24499,RL_hip_joint,30.90392971261254,80.0,98.41878509521484,0.0,0.0,3.7253549098968506,16.948833465576172
stairs_up_12,24499,RL_thigh_joint,39.55084262808346,94.0,139.56211853027344,0.0,0.0,10.62366008758545,30.01486587524414
stairs_up_12,24499,RL_calf_joint,76.66326767732353,188.79999999999998,320.0,0.0016176470588235294,0.015,17.108871459960938,68.27880096435547
stairs_up_12,24499,FR_foot_joint,10.547037165309698,20.2,20.0,0.19147058823529411,0.9400000000000001,42.877864837646484,1131.419921875
stairs_up_12,24499,FL_foot_joint,11.5238728794504,20.2,20.0,0.2647058823529412,1.315,41.57646942138672,1015.9813842773438
stairs_up_12,24499,RR_foot_joint,8.50256480622937,20.2,20.0,0.08514705882352941,0.625,41.44886779785156,782.9020385742188
stairs_up_12,24499,RL_foot_joint,8.721647567933505,20.2,20.0,0.09205882352941176,0.455,37.91962432861328,908.9087524414062
stairs_up_12,25000,FR_hip_joint,29.231037273645924,70.0,111.67488861083984,0.0,0.0,9.57935619354248,21.561893463134766
stairs_up_12,25000,FR_thigh_joint,76.71663760636983,180.0,200.0,0.007794117647058824,0.105,14.981375694274902,57.50596618652344
stairs_up_12,25000,FR_calf_joint,51.498935200849715,150.39999999999998,320.0,0.000588235294117647,0.01,20.730159759521484,53.48667526245117
stairs_up_12,25000,FL_hip_joint,38.956349586248436,72.0,138.04815673828125,0.0,0.0,5.3610944747924805,19.041580200195312
stairs_up_12,25000,FL_thigh_joint,63.16629505633402,154.0,200.0,0.00411764705882353,0.085,11.790684700012207,61.617027282714844
stairs_up_12,25000,FL_calf_joint,49.67573502898517,150.39999999999998,320.0,0.0004411764705882353,0.01,16.833349227905273,59.36808776855469
stairs_up_12,25000,RR_hip_joint,28.953062767348666,68.0,118.10919189453125,0.0,0.0,7.663084983825684,15.418465614318848
stairs_up_12,25000,RR_thigh_joint,52.52815664519791,102.0,157.0234375,0.0,0.0,11.295256614685059,28.511260986328125
stairs_up_12,25000,RR_calf_joint,89.67335856271566,201.6,320.0,0.0006756756756756757,0.015,18.187118530273438,45.577396392822266
stairs_up_12,25000,RL_hip_joint,35.39299915427075,78.0,111.17266845703125,0.0,0.0,4.750924110412598,15.613536834716797
stairs_up_12,25000,RL_thigh_joint,44.379166762216755,94.0,148.7813262939453,0.0,0.0,11.049454689025879,27.40074348449707
stairs_up_12,25000,RL_calf_joint,75.9050897338036,195.2,320.0,0.0010294117647058824,0.015,18.027231216430664,75.5787353515625
stairs_up_12,25000,FR_foot_joint,13.881586713391778,20.2,20.0,0.4345588235294118,9.675,47.468482971191406,1260.9742431640625
stairs_up_12,25000,FL_foot_joint,14.382016721770709,20.2,20.0,0.45044117647058823,8.895,46.0496826171875,816.1685791015625
stairs_up_12,25000,RR_foot_joint,10.685508363584983,20.2,20.0,0.10235294117647059,0.535,56.72364044189453,944.9866943359375
stairs_up_12,25000,RL_foot_joint,9.452208356745219,20.2,20.0,0.09014705882352941,0.555,51.249088287353516,955.4353637695312
stairs_down_12,24499,FR_hip_joint,31.54087954739802,70.0,100.04328918457031,0.0,0.0,3.8169524669647217,11.80098819732666
stairs_down_12,24499,FR_thigh_joint,68.57684432501095,106.0,200.0,0.0035897435897435897,0.085,10.41557502746582,51.49235534667969
stairs_down_12,24499,FR_calf_joint,49.56652548175443,118.4,275.2475891113281,0.0,0.0,18.190082550048828,58.59907150268555
stairs_down_12,24499,FL_hip_joint,30.611418574539336,66.0,98.17864227294922,0.0,0.0,5.148343563079834,13.261872291564941
stairs_down_12,24499,FL_thigh_joint,80.63197041845557,122.0,200.0,0.0028205128205128207,0.105,11.438234329223633,48.926490783691406
stairs_down_12,24499,FL_calf_joint,47.847278073756485,102.4,288.9970703125,0.0,0.0,20.934019088745117,44.969886779785156
stairs_down_12,24499,RR_hip_joint,30.578979326155572,62.0,85.87362670898438,0.0,0.0,4.284759521484375,13.420835494995117
stairs_down_12,24499,RR_thigh_joint,21.930967135057653,74.0,101.07430267333984,0.0,0.0,8.709907531738281,14.493388175964355
stairs_down_12,24499,RR_calf_joint,56.25012681513443,144.0,228.91839599609375,0.0,0.0,16.447641372680664,46.88154983520508
stairs_down_12,24499,RL_hip_joint,29.019782808753707,60.0,92.2475814819336,0.0,0.0,6.016144752502441,15.641942977905273
stairs_down_12,24499,RL_thigh_joint,18.901445257308165,64.0,100.7597885131836,0.0,0.0,9.650348663330078,20.92173194885254
stairs_down_12,24499,RL_calf_joint,49.097892574278404,134.4,224.32339477539062,0.0,0.0,15.898004531860352,40.59285354614258
stairs_down_12,24499,FR_foot_joint,15.17260653506754,20.2,20.0,0.357972972972973,11.97,39.10139846801758,973.843017578125
stairs_down_12,24499,FL_foot_joint,11.050127044690019,20.2,20.0,0.20423076923076924,7.33,37.40019989013672,726.55126953125
stairs_down_12,24499,RR_foot_joint,8.773864790597887,20.2,20.0,0.029324324324324323,0.42,39.570648193359375,768.318359375
stairs_down_12,24499,RL_foot_joint,8.76766999159715,17.6,20.0,0.007058823529411765,0.065,29.873451232910156,684.7365112304688
stairs_down_12,25000,FR_hip_joint,30.26844229098028,70.0,89.11296081542969,0.0,0.0,3.5597476959228516,11.218017578125
stairs_down_12,25000,FR_thigh_joint,64.71312145781239,112.00000000000001,200.0,0.0021794871794871794,0.06,11.01653003692627,47.2398681640625
stairs_down_12,25000,FR_calf_joint,52.204926245237765,121.6,214.75570678710938,0.0,0.0,15.384601593017578,39.209442138671875
stairs_down_12,25000,FL_hip_joint,29.263638949585705,60.0,79.31592559814453,0.0,0.0,3.54135799407959,9.7023286819458
stairs_down_12,25000,FL_thigh_joint,76.56588192321605,124.0,200.0,0.0020512820512820513,0.045,10.972898483276367,43.81147384643555
stairs_down_12,25000,FL_calf_joint,43.14983102161032,83.2,231.15692138671875,0.0,0.0,17.319726943969727,37.759239196777344
stairs_down_12,25000,RR_hip_joint,31.13120694267852,62.0,76.83982849121094,0.0,0.0,3.1936018466949463,14.350381851196289
stairs_down_12,25000,RR_thigh_joint,20.73559333896021,76.0,100.50544738769531,0.0,0.0,7.729862213134766,15.342107772827148
stairs_down_12,25000,RR_calf_joint,53.68395420565252,150.39999999999998,236.85687255859375,0.0,0.0,15.246420860290527,43.488521575927734
stairs_down_12,25000,RL_hip_joint,32.808827597964914,68.0,90.88126373291016,0.0,0.0,3.367772102355957,13.54642105102539
stairs_down_12,25000,RL_thigh_joint,18.204384422860343,64.0,100.36273956298828,0.0,0.0,8.975915908813477,17.114953994750977
stairs_down_12,25000,RL_calf_joint,49.67084799416197,134.4,214.30807495117188,0.0,0.0,15.153767585754395,38.80274200439453
stairs_down_12,25000,FR_foot_joint,11.948400803208079,20.2,20.0,0.14756410256410257,5.58,36.87757873535156,918.1217041015625
stairs_down_12,25000,FL_foot_joint,10.367703189450175,20.2,20.0,0.1932051282051282,6.7,33.983760833740234,711.3077392578125
stairs_down_12,25000,RR_foot_joint,7.590608625049373,20.2,20.0,0.01358974358974359,0.16,34.30191421508789,775.4288940429688
stairs_down_12,25000,RL_foot_joint,7.753419421411427,16.200000000000003,20.0,0.004411764705882353,0.02,30.022899627685547,666.98486328125
stairs_up_18,24499,FR_hip_joint,31.849176395541754,106.0,156.4120330810547,0.0,0.0,8.072169303894043,20.874462127685547
stairs_up_18,24499,FR_thigh_joint,35.853071316798406,113.99999999999999,200.0,0.0016176470588235294,0.045,15.40152359008789,68.75884246826172
stairs_up_18,24499,FR_calf_joint,68.46109921957458,192.0,320.0,0.0010335917312661498,0.03,19.59634780883789,60.95113754272461
stairs_up_18,24499,FL_hip_joint,35.726070447939236,86.0,135.77188110351562,0.0,0.0,7.1670989990234375,24.519214630126953
stairs_up_18,24499,FL_thigh_joint,41.46645106488363,194.0,200.0,0.011886304909560724,0.04,13.642845153808594,169.4385223388672
stairs_up_18,24499,FL_calf_joint,62.923218640222075,236.8,320.0,0.001932367149758454,0.015,20.012441635131836,98.67125701904297
stairs_up_18,24499,RR_hip_joint,35.32536931839893,90.0,120.53712463378906,0.0,0.0,8.15301513671875,21.227846145629883
stairs_up_18,24499,RR_thigh_joint,52.20948392610222,110.00000000000001,200.0,0.000588235294117647,0.02,13.862192153930664,30.799938201904297
stairs_up_18,24499,RR_calf_joint,96.2358439049716,204.8,320.0,0.001176470588235294,0.015,23.147422790527344,71.27464294433594
stairs_up_18,24499,RL_hip_joint,34.88850587296396,88.0,120.71510314941406,0.0,0.0,5.773584842681885,18.891630172729492
stairs_up_18,24499,RL_thigh_joint,46.15535409914058,115.99999999999999,178.0342559814453,0.0,0.0,15.441630363464355,30.8140869140625
stairs_up_18,24499,RL_calf_joint,80.80917297151814,240.0,320.0,0.0035294117647058825,0.02,27.319616317749023,78.62879180908203
stairs_up_18,24499,FR_foot_joint,12.881267257845963,20.2,20.0,0.2749354005167959,0.605,61.26406478881836,1031.319091796875
stairs_up_18,24499,FL_foot_joint,15.305515016037281,20.2,20.0,0.4263565891472868,1.445,70.10472869873047,1264.0108642578125
stairs_up_18,24499,RR_foot_joint,8.783866069448575,20.2,20.0,0.06086956521739131,0.965,67.01261138916016,1593.153564453125
stairs_up_18,24499,RL_foot_joint,10.267948992517695,20.2,20.0,0.13023255813953488,0.86,49.399227142333984,957.1826171875
stairs_up_18,25000,FR_hip_joint,29.69854105232976,76.0,138.4663848876953,0.0,0.0,7.716926574707031,18.723108291625977
stairs_up_18,25000,FR_thigh_joint,35.44294053953789,112.00000000000001,200.0,0.0010227272727272728,0.035,14.123190879821777,63.78668975830078
stairs_up_18,25000,FR_calf_joint,59.466004691211594,169.60000000000002,316.4117736816406,0.0002941176470588235,0.005,18.557527542114258,55.05691909790039
stairs_up_18,25000,FL_hip_joint,35.191176247723064,88.0,144.694091796875,0.0,0.0,7.426077842712402,21.173965454101562
stairs_up_18,25000,FL_thigh_joint,34.0894066868189,132.0,200.0,0.002058823529411765,0.025,13.717792510986328,114.96112060546875
stairs_up_18,25000,FL_calf_joint,68.69441915701154,198.4,320.0,0.001176470588235294,0.015,18.774696350097656,87.23920440673828
stairs_up_18,25000,RR_hip_joint,34.30002567038266,86.0,128.4309539794922,0.0,0.0,4.916910171508789,19.16751480102539
stairs_up_18,25000,RR_thigh_joint,46.86478058352389,108.0,192.64329528808594,0.00022727272727272727,0.01,15.40207290649414,30.287193298339844
stairs_up_18,25000,RR_calf_joint,89.5104955532631,204.8,320.0,0.0007352941176470588,0.015,24.976953506469727,61.74468994140625
stairs_up_18,25000,RL_hip_joint,32.59611501649884,78.0,129.2388153076172,0.0,0.0,5.155248165130615,18.095129013061523
stairs_up_18,25000,RL_thigh_joint,41.15329623495254,126.0,166.74209594726562,0.0,0.0,13.287903785705566,31.394418716430664
stairs_up_18,25000,RL_calf_joint,75.93308567069079,265.59999999999997,320.0,0.00471976401179941,0.025,20.984901428222656,75.2109375
stairs_up_18,25000,FR_foot_joint,12.019726482440515,20.2,20.0,0.20766961651917404,0.635,48.3975830078125,988.4196166992188
stairs_up_18,25000,FL_foot_joint,13.802111110249957,20.2,20.0,0.3463126843657817,1.32,53.202369689941406,1030.581787109375
stairs_up_18,25000,RR_foot_joint,11.832137684111844,20.2,20.0,0.28625,11.48,44.02312469482422,1192.252685546875
stairs_up_18,25000,RL_foot_joint,9.702693240614014,20.2,20.0,0.09498525073746313,0.745,67.8314208984375,1001.73876953125
stairs_down_18,24499,FR_hip_joint,31.35351518523942,57.99999999999999,122.74598693847656,0.0,0.0,8.132875442504883,16.67540168762207
stairs_down_18,24499,FR_thigh_joint,63.71648529613386,166.0,200.0,0.0064444444444444445,0.095,13.881789207458496,36.14775848388672
stairs_down_18,24499,FR_calf_joint,46.38308797257942,112.0,290.0653991699219,0.0,0.0,24.277462005615234,76.6223373413086
stairs_down_18,24499,FL_hip_joint,30.91310562823369,50.0,151.8968048095703,0.0,0.0,6.3282151222229,15.939393997192383
stairs_down_18,24499,FL_thigh_joint,93.17464690590407,160.0,200.0,0.005735294117647059,0.095,14.230606079101562,51.18946838378906
stairs_down_18,24499,FL_calf_joint,45.6387947714408,105.60000000000001,306.0811767578125,0.00014705882352941175,0.005,23.91903305053711,58.214908599853516
stairs_down_18,24499,RR_hip_joint,27.171218982796482,56.00000000000001,97.0232162475586,0.0,0.0,4.155470848083496,10.595904350280762
stairs_down_18,24499,RR_thigh_joint,22.764838676798675,106.0,146.81497192382812,0.0,0.0,14.671197891235352,24.608919143676758
stairs_down_18,24499,RR_calf_joint,56.56781756201265,172.8,320.0,0.0004411764705882353,0.01,28.831754684448242,60.720367431640625
stairs_down_18,24499,RL_hip_joint,28.557053631833213,62.0,106.68501281738281,0.0,0.0,5.217579364776611,13.777981758117676
stairs_down_18,24499,RL_thigh_joint,17.88093760329242,78.0,144.7151641845703,0.0,0.0,10.914809226989746,30.34983253479004
stairs_down_18,24499,RL_calf_joint,47.39183003548183,160.0,320.0,0.0004411764705882353,0.005,26.506296157836914,63.19203186035156
stairs_down_18,24499,FR_foot_joint,7.008414329656278,18.400000000000002,20.0,0.008717948717948718,0.20500000000000002,36.589111328125,852.131103515625
stairs_down_18,24499,FL_foot_joint,7.616010039774565,20.2,20.0,0.04108108108108108,0.675,35.2553596496582,847.9554443359375
stairs_down_18,24499,RR_foot_joint,5.557919414766762,20.2,20.0,0.027205882352941177,0.28500000000000003,41.305484771728516,1119.7364501953125
stairs_down_18,24499,RL_foot_joint,5.249537749979966,20.2,20.0,0.03147058823529412,0.39,42.57057571411133,909.5674438476562
stairs_down_18,25000,FR_hip_joint,29.998613426799594,72.0,142.02017211914062,0.0,0.0,9.014411926269531,20.49013328552246
stairs_down_18,25000,FR_thigh_joint,61.92394118939283,180.0,200.0,0.00823529411764706,0.1,11.987421989440918,44.21306610107422
stairs_down_18,25000,FR_calf_joint,46.841622289432244,128.0,320.0,0.0002941176470588235,0.005,22.307601928710938,72.40526580810547
stairs_down_18,25000,FL_hip_joint,28.322742566756503,60.0,147.9237518310547,0.0,0.0,7.78286600112915,20.27259063720703
stairs_down_18,25000,FL_thigh_joint,91.18160611840578,160.0,200.0,0.004705882352941176,0.08,12.731636047363281,60.08290100097656
stairs_down_18,25000,FL_calf_joint,44.10983474244951,92.8,250.2852020263672,0.0,0.0,20.927845001220703,63.145286560058594
stairs_down_18,25000,RR_hip_joint,27.777598295886367,62.0,120.7213134765625,0.0,0.0,6.857011795043945,12.127398490905762
stairs_down_18,25000,RR_thigh_joint,21.521228907460138,96.0,200.0,0.0035294117647058825,0.12,16.86123275756836,35.540435791015625
stairs_down_18,25000,RR_calf_joint,54.40819312765717,172.8,320.0,0.0007352941176470588,0.01,26.976913452148438,65.82261657714844
stairs_down_18,25000,RL_hip_joint,28.893023437516074,70.0,131.00592041015625,0.0,0.0,6.470993995666504,21.64397621154785
stairs_down_18,25000,RL_thigh_joint,18.365568785141406,82.0,163.2751007080078,0.0,0.0,16.468372344970703,27.486663818359375
stairs_down_18,25000,RL_calf_joint,49.31131443566775,156.8,320.0,0.0010294117647058824,0.01,21.941608428955078,67.02045440673828
stairs_down_18,25000,FR_foot_joint,7.176899565409888,17.0,20.0,0.008676470588235294,0.2,38.04836654663086,937.88720703125
stairs_down_18,25000,FL_foot_joint,7.226995770121799,17.8,20.0,0.007058823529411765,0.14,45.73914337158203,1179.2354736328125
stairs_down_18,25000,RR_foot_joint,5.467959557156856,20.2,20.0,0.03308823529411765,0.44,45.446685791015625,1217.086181640625
stairs_down_18,25000,RL_foot_joint,5.229800232253167,20.2,20.0,0.03558823529411765,0.405,42.88872528076172,1186.0164794921875
